Date,Location,Rainfall_mm,WaterLevel_m,SoilMoisture_pct,Elevation_m,FloodOccurrence,synthetic
2017-05-15 00:00:00,Quezon City,1.8,0.7,16.4,43.0,0,False
2017-05-15 00:00:00,Marikina,1.7,0.9,12.8,15.0,0,False
2017-05-15 00:00:00,Manila,3.5,0.5,21.0,5.0,0,False
2017-05-15 00:00:00,Pasig,3.1,0.9,9.7,5.0,0,False
2017-05-16 00:00:00,Quezon City,9.0,1.0,5.0,43.0,0,False
2017-05-16 00:00:00,Marikina,5.8,0.8,12.9,15.0,0,False
2017-05-16 00:00:00,Manila,19.8,0.9,14.9,5.0,0,False
2017-05-16 00:00:00,Pasig,17.7,0.5,16.9,5.0,0,False
2017-05-17 00:00:00,Quezon City,2.8,0.5,19.0,43.0,0,False
2017-05-17 00:00:00,Marikina,14.3,2.0,13.0,15.0,0,False
2017-05-17 00:00:00,Manila,13.1,2.0,21.0,5.0,0,False
2017-05-17 00:00:00,Pasig,3.3,0.5,9.2,5.0,0,False
2017-05-18 00:00:00,Quezon City,4.7,0.5,14.0,43.0,0,False
2017-05-18 00:00:00,Marikina,4.0,0.5,8.3,15.0,0,False
2017-05-18 00:00:00,Manila,8.3,0.5,16.8,5.0,0,False
2017-05-18 00:00:00,Pasig,7.0,0.5,21.2,5.0,0,False
2017-05-19 00:00:00,Quezon City,11.3,1.7,13.2,43.0,0,False
2017-05-19 00:00:00,Marikina,6.9,0.5,12.5,15.0,0,False
2017-05-19 00:00:00,Manila,24.2,3.9,25.2,5.0,0,False
2017-05-19 00:00:00,Pasig,16.9,0.6,11.4,5.0,0,False
2017-05-20 00:00:00,Quezon City,15.5,2.5,14.5,43.0,0,False
2017-05-20 00:00:00,Marikina,4.3,0.5,10.7,15.0,0,False
2017-05-20 00:00:00,Manila,13.8,0.5,18.6,5.0,0,False
2017-05-20 00:00:00,Pasig,6.8,1.2,15.1,5.0,0,False
2017-05-21 00:00:00,Quezon City,4.8,0.5,10.9,43.0,0,False
2017-05-21 00:00:00,Marikina,7.3,0.5,20.8,15.0,0,False
2017-05-21 00:00:00,Manila,20.1,2.2,21.9,5.0,0,False
2017-05-21 00:00:00,Pasig,22.8,2.3,22.6,5.0,0,False
2017-05-22 00:00:00,Quezon City,2.0,0.5,11.6,43.0,0,False
2017-05-22 00:00:00,Marikina,12.2,1.1,19.6,15.0,0,False
2017-05-22 00:00:00,Manila,4.9,1.1,15.4,5.0,0,False
2017-05-22 00:00:00,Pasig,27.4,4.1,27.3,5.0,0,False
2017-05-23 00:00:00,Quezon City,8.5,0.5,15.8,43.0,0,False
2017-05-23 00:00:00,Marikina,13.8,1.5,17.2,15.0,0,False
2017-05-23 00:00:00,Manila,3.6,1.7,23.4,5.0,0,False
2017-05-23 00:00:00,Pasig,2.2,0.8,6.0,5.0,0,False
2017-05-24 00:00:00,Quezon City,21.9,3.7,20.8,43.0,0,False
2017-05-24 00:00:00,Marikina,9.7,0.8,19.3,15.0,0,False
2017-05-24 00:00:00,Manila,6.6,1.0,15.5,5.0,0,False
2017-05-24 00:00:00,Pasig,10.4,0.5,20.4,5.0,0,False
2017-05-25 00:00:00,Quezon City,6.9,1.9,8.7,43.0,0,False
2017-05-25 00:00:00,Marikina,1.4,0.5,11.7,15.0,0,False
2017-05-25 00:00:00,Manila,9.0,0.5,11.3,5.0,0,False
2017-05-25 00:00:00,Pasig,8.1,0.5,9.4,5.0,0,False
2017-05-26 00:00:00,Quezon City,8.8,1.5,20.4,43.0,0,False
2017-05-26 00:00:00,Marikina,16.2,1.3,11.4,15.0,0,False
2017-05-26 00:00:00,Manila,9.3,1.4,5.5,5.0,0,False
2017-05-26 00:00:00,Pasig,2.4,0.5,10.4,5.0,0,False
2017-05-27 00:00:00,Quezon City,11.4,0.5,24.3,43.0,0,False
2017-05-27 00:00:00,Marikina,16.2,1.2,18.9,15.0,0,False
2017-05-27 00:00:00,Manila,9.1,2.0,15.3,5.0,0,False
2017-05-27 00:00:00,Pasig,3.5,1.2,14.7,5.0,0,False
2017-05-28 00:00:00,Quezon City,5.5,1.5,14.2,43.0,0,False
2017-05-28 00:00:00,Marikina,12.1,1.0,15.8,15.0,0,False
2017-05-28 00:00:00,Manila,9.6,2.0,9.1,5.0,0,False
2017-05-28 00:00:00,Pasig,6.3,0.5,16.4,5.0,0,False
2017-05-29 00:00:00,Quezon City,9.8,0.5,10.8,43.0,0,False
2017-05-29 00:00:00,Marikina,5.5,2.0,20.7,15.0,0,False
2017-05-29 00:00:00,Manila,3.8,0.5,12.2,5.0,0,False
2017-05-29 00:00:00,Pasig,6.4,0.5,9.9,5.0,0,False
2017-05-30 00:00:00,Quezon City,29.1,1.6,23.0,43.0,0,False
2017-05-30 00:00:00,Marikina,16.3,0.7,12.1,15.0,0,False
2017-05-30 00:00:00,Manila,12.4,0.6,9.1,5.0,0,False
2017-05-30 00:00:00,Pasig,5.7,1.3,7.8,5.0,0,False
2017-05-31 00:00:00,Quezon City,18.4,3.7,26.8,43.0,0,False
2017-05-31 00:00:00,Marikina,43.9,6.1,27.4,15.0,1,False
2017-05-31 00:00:00,Manila,12.2,1.6,13.2,5.0,0,False
2017-05-31 00:00:00,Pasig,2.4,0.5,10.0,5.0,0,False
2017-06-01 00:00:00,Quezon City,19.9,1.7,22.9,43.0,0,False
2017-06-01 00:00:00,Marikina,9.5,0.7,20.0,15.0,0,False
2017-06-01 00:00:00,Manila,20.1,1.9,26.7,5.0,0,False
2017-06-01 00:00:00,Pasig,2.3,0.5,8.7,5.0,0,False
2017-06-02 00:00:00,Quezon City,5.4,0.5,18.3,43.0,0,False
2017-06-02 00:00:00,Marikina,8.9,1.3,13.1,15.0,0,False
2017-06-02 00:00:00,Manila,10.4,1.6,14.1,5.0,0,False
2017-06-02 00:00:00,Pasig,6.3,0.5,13.2,5.0,0,False
2017-06-03 00:00:00,Quezon City,6.9,1.2,10.0,43.0,0,False
2017-06-03 00:00:00,Marikina,20.0,2.3,25.9,15.0,0,False
2017-06-03 00:00:00,Manila,14.1,2.0,15.5,5.0,0,False
2017-06-03 00:00:00,Pasig,3.7,0.5,12.6,5.0,0,False
2017-06-04 00:00:00,Quezon City,5.5,1.9,15.8,43.0,0,False
2017-06-04 00:00:00,Marikina,7.3,1.4,20.5,15.0,0,False
2017-06-04 00:00:00,Manila,0.4,0.5,17.7,5.0,0,False
2017-06-04 00:00:00,Pasig,1.0,0.5,11.9,5.0,0,False
2017-06-05 00:00:00,Quezon City,5.5,0.5,14.8,43.0,0,False
2017-06-05 00:00:00,Marikina,17.9,2.3,23.0,15.0,0,False
2017-06-05 00:00:00,Manila,18.2,0.5,17.7,5.0,0,False
2017-06-05 00:00:00,Pasig,20.5,1.5,30.7,5.0,0,False
2017-06-06 00:00:00,Quezon City,8.3,2.5,11.0,43.0,0,False
2017-06-06 00:00:00,Marikina,4.2,0.5,15.8,15.0,0,False
2017-06-06 00:00:00,Manila,3.2,1.5,9.6,5.0,0,False
2017-06-06 00:00:00,Pasig,23.5,2.5,25.0,5.0,0,False
2017-06-07 00:00:00,Quezon City,8.6,1.6,9.4,43.0,0,False
2017-06-07 00:00:00,Marikina,8.9,0.5,5.9,15.0,0,False
2017-06-07 00:00:00,Manila,4.4,2.3,11.8,5.0,0,False
2017-06-07 00:00:00,Pasig,10.0,1.5,10.8,5.0,0,False
2017-06-08 00:00:00,Quezon City,6.6,0.6,19.3,43.0,0,False
2017-06-08 00:00:00,Marikina,15.7,3.8,14.3,15.0,0,False
2017-06-08 00:00:00,Manila,10.6,0.6,11.1,5.0,0,False
2017-06-08 00:00:00,Pasig,8.7,1.6,13.5,5.0,0,False
2017-06-09 00:00:00,Quezon City,19.6,3.1,22.7,43.0,0,False
2017-06-09 00:00:00,Marikina,8.7,1.3,12.9,15.0,0,False
2017-06-09 00:00:00,Manila,7.6,0.5,13.5,5.0,0,False
2017-06-09 00:00:00,Pasig,5.8,1.6,23.5,5.0,0,False
2017-06-10 00:00:00,Quezon City,5.2,0.5,5.0,43.0,0,False
2017-06-10 00:00:00,Marikina,7.5,0.8,5.6,15.0,0,False
2017-06-10 00:00:00,Manila,5.9,1.5,20.5,5.0,0,False
2017-06-10 00:00:00,Pasig,18.3,0.5,11.4,5.0,0,False
2017-06-11 00:00:00,Quezon City,7.8,0.7,25.2,43.0,0,False
2017-06-11 00:00:00,Marikina,8.8,1.8,7.2,15.0,0,False
2017-06-11 00:00:00,Manila,16.1,1.7,22.0,5.0,0,False
2017-06-11 00:00:00,Pasig,1.7,0.5,5.4,5.0,0,False
2017-06-12 00:00:00,Quezon City,5.9,0.8,10.5,43.0,0,False
2017-06-12 00:00:00,Marikina,8.7,0.5,15.3,15.0,0,False
2017-06-12 00:00:00,Manila,9.0,1.3,15.3,5.0,0,False
2017-06-12 00:00:00,Pasig,1.1,1.0,16.4,5.0,0,False
2017-06-13 00:00:00,Quezon City,8.6,0.5,12.5,43.0,0,False
2017-06-13 00:00:00,Marikina,12.6,1.4,5.9,15.0,0,False
2017-06-13 00:00:00,Manila,7.8,2.2,19.6,5.0,0,False
2017-06-13 00:00:00,Pasig,11.4,1.9,13.1,5.0,0,False
2017-06-14 00:00:00,Quezon City,2.0,0.5,12.2,43.0,0,False
2017-06-14 00:00:00,Marikina,3.8,0.5,14.1,15.0,0,False
2017-06-14 00:00:00,Manila,3.2,1.0,15.8,5.0,0,False
2017-06-14 00:00:00,Pasig,7.4,3.4,13.9,5.0,0,False
2017-06-15 00:00:00,Quezon City,18.2,1.8,24.9,43.0,0,False
2017-06-15 00:00:00,Marikina,5.1,0.5,10.1,15.0,0,False
2017-06-15 00:00:00,Manila,2.9,2.6,5.0,5.0,0,False
2017-06-15 00:00:00,Pasig,6.2,0.5,8.3,5.0,0,False
2017-06-16 00:00:00,Quezon City,2.5,0.5,6.8,43.0,0,False
2017-06-16 00:00:00,Marikina,3.4,0.5,13.4,15.0,0,False
2017-06-16 00:00:00,Manila,6.4,0.5,17.6,5.0,0,False
2017-06-16 00:00:00,Pasig,9.5,0.5,19.1,5.0,0,False
2017-06-17 00:00:00,Quezon City,7.2,0.8,15.0,43.0,0,False
2017-06-17 00:00:00,Marikina,7.0,0.6,5.8,15.0,0,False
2017-06-17 00:00:00,Manila,3.7,0.5,14.9,5.0,0,False
2017-06-17 00:00:00,Pasig,2.0,0.5,16.4,5.0,0,False
2017-06-18 00:00:00,Quezon City,13.1,0.5,24.9,43.0,0,False
2017-06-18 00:00:00,Marikina,12.1,0.5,13.5,15.0,0,False
2017-06-18 00:00:00,Manila,15.9,0.5,16.0,5.0,0,False
2017-06-18 00:00:00,Pasig,9.7,1.8,14.1,5.0,0,False
2017-06-19 00:00:00,Quezon City,14.6,4.1,17.2,43.0,0,False
2017-06-19 00:00:00,Marikina,5.9,0.5,9.2,15.0,0,False
2017-06-19 00:00:00,Manila,5.3,1.4,19.0,5.0,0,False
2017-06-19 00:00:00,Pasig,10.5,2.2,12.9,5.0,0,False
2017-06-20 00:00:00,Quezon City,23.5,2.4,29.4,43.0,0,False
2017-06-20 00:00:00,Marikina,15.8,1.7,17.9,15.0,0,False
2017-06-20 00:00:00,Manila,8.7,1.6,7.7,5.0,0,False
2017-06-20 00:00:00,Pasig,13.3,0.9,19.7,5.0,0,False
2017-06-21 00:00:00,Quezon City,7.9,2.9,14.4,43.0,0,False
2017-06-21 00:00:00,Marikina,12.8,1.4,27.4,15.0,0,False
2017-06-21 00:00:00,Manila,19.1,1.5,17.6,5.0,0,False
2017-06-21 00:00:00,Pasig,12.9,1.7,8.7,5.0,0,False
2017-06-22 00:00:00,Quezon City,5.6,0.5,8.9,43.0,0,False
2017-06-22 00:00:00,Marikina,5.5,0.5,13.9,15.0,0,False
2017-06-22 00:00:00,Manila,10.1,2.0,6.8,5.0,0,False
2017-06-22 00:00:00,Pasig,12.4,1.0,18.4,5.0,0,False
2017-06-23 00:00:00,Quezon City,10.0,3.2,12.8,43.0,0,False
2017-06-23 00:00:00,Marikina,6.8,0.5,17.1,15.0,0,False
2017-06-23 00:00:00,Manila,8.7,1.7,19.6,5.0,0,False
2017-06-23 00:00:00,Pasig,15.7,1.3,12.9,5.0,0,False
2017-06-24 00:00:00,Quezon City,7.3,0.6,20.3,43.0,0,False
2017-06-24 00:00:00,Marikina,8.1,1.5,30.9,15.0,0,False
2017-06-24 00:00:00,Manila,6.0,1.8,7.7,5.0,0,False
2017-06-24 00:00:00,Pasig,5.3,0.8,18.3,5.0,0,False
2017-06-25 00:00:00,Quezon City,6.4,0.5,14.5,43.0,0,False
2017-06-25 00:00:00,Marikina,5.3,0.5,5.0,15.0,0,False
2017-06-25 00:00:00,Manila,15.0,1.7,12.2,5.0,0,False
2017-06-25 00:00:00,Pasig,12.7,0.9,13.7,5.0,0,False
2017-06-26 00:00:00,Quezon City,3.0,0.5,13.4,43.0,0,False
2017-06-26 00:00:00,Marikina,14.0,2.5,12.7,15.0,0,False
2017-06-26 00:00:00,Manila,6.5,2.5,20.1,5.0,0,False
2017-06-26 00:00:00,Pasig,9.1,0.5,15.3,5.0,0,False
2017-06-27 00:00:00,Quezon City,4.9,2.9,5.0,43.0,0,False
2017-06-27 00:00:00,Marikina,7.6,1.8,18.2,15.0,0,False
2017-06-27 00:00:00,Manila,28.7,0.9,26.2,5.0,0,False
2017-06-27 00:00:00,Pasig,1.9,0.5,7.3,5.0,0,False
2017-06-28 00:00:00,Quezon City,14.9,1.6,21.4,43.0,0,False
2017-06-28 00:00:00,Marikina,5.1,0.5,9.3,15.0,0,False
2017-06-28 00:00:00,Manila,3.8,1.8,25.4,5.0,0,False
2017-06-28 00:00:00,Pasig,13.6,2.2,15.9,5.0,0,False
2017-06-29 00:00:00,Quezon City,4.1,1.9,9.6,43.0,0,False
2017-06-29 00:00:00,Marikina,1.2,1.8,10.9,15.0,0,False
2017-06-29 00:00:00,Manila,7.3,1.5,12.4,5.0,0,False
2017-06-29 00:00:00,Pasig,11.7,1.9,16.6,5.0,0,False
2017-06-30 00:00:00,Quezon City,16.9,2.4,20.4,43.0,0,False
2017-06-30 00:00:00,Marikina,6.8,0.5,14.1,15.0,0,False
2017-06-30 00:00:00,Manila,8.9,2.3,14.4,5.0,0,False
2017-06-30 00:00:00,Pasig,37.7,4.1,27.0,5.0,1,False
2017-07-01 00:00:00,Quezon City,12.7,1.9,22.8,43.0,0,False
2017-07-01 00:00:00,Marikina,5.9,1.5,23.9,15.0,0,False
2017-07-01 00:00:00,Manila,8.0,1.4,9.5,5.0,0,False
2017-07-01 00:00:00,Pasig,3.0,0.5,5.0,5.0,0,False
2017-07-02 00:00:00,Quezon City,15.4,1.6,19.5,43.0,0,False
2017-07-02 00:00:00,Marikina,17.5,0.8,16.8,15.0,0,False
2017-07-02 00:00:00,Manila,10.1,0.5,5.0,5.0,0,False
2017-07-02 00:00:00,Pasig,3.2,0.6,15.6,5.0,0,False
2017-07-03 00:00:00,Quezon City,9.0,0.5,16.0,43.0,0,False
2017-07-03 00:00:00,Marikina,9.2,1.3,22.8,15.0,0,False
2017-07-03 00:00:00,Manila,5.1,0.5,6.3,5.0,0,False
2017-07-03 00:00:00,Pasig,12.4,2.1,12.0,5.0,0,False
2017-07-04 00:00:00,Quezon City,15.8,2.0,18.7,43.0,0,False
2017-07-04 00:00:00,Marikina,9.6,2.1,16.0,15.0,0,False
2017-07-04 00:00:00,Manila,13.1,0.5,15.7,5.0,0,False
2017-07-04 00:00:00,Pasig,24.3,2.4,19.0,5.0,0,False
2017-07-05 00:00:00,Quezon City,7.4,1.6,18.7,43.0,0,False
2017-07-05 00:00:00,Marikina,3.3,0.5,11.3,15.0,0,False
2017-07-05 00:00:00,Manila,5.3,1.0,10.1,5.0,0,False
2017-07-05 00:00:00,Pasig,10.6,0.5,12.3,5.0,0,False
2017-07-06 00:00:00,Quezon City,13.0,0.9,16.3,43.0,0,False
2017-07-06 00:00:00,Marikina,24.3,2.4,18.3,15.0,0,False
2017-07-06 00:00:00,Manila,4.9,0.7,16.2,5.0,0,False
2017-07-06 00:00:00,Pasig,7.3,1.2,13.5,5.0,0,False
2017-07-07 00:00:00,Quezon City,4.2,0.5,19.1,43.0,0,False
2017-07-07 00:00:00,Marikina,7.1,0.5,14.5,15.0,0,False
2017-07-07 00:00:00,Manila,13.4,1.5,27.7,5.0,0,False
2017-07-07 00:00:00,Pasig,3.4,0.5,7.3,5.0,0,False
2017-07-08 00:00:00,Quezon City,3.1,0.6,15.2,43.0,0,False
2017-07-08 00:00:00,Marikina,13.5,0.5,13.0,15.0,0,False
2017-07-08 00:00:00,Manila,11.7,1.6,10.3,5.0,0,False
2017-07-08 00:00:00,Pasig,12.8,0.7,10.4,5.0,0,False
2017-07-09 00:00:00,Quezon City,7.9,0.5,21.6,43.0,0,False
2017-07-09 00:00:00,Marikina,5.9,0.5,13.7,15.0,0,False
2017-07-09 00:00:00,Manila,32.4,3.1,19.5,5.0,1,False
2017-07-09 00:00:00,Pasig,17.5,0.5,28.3,5.0,0,False
2017-07-10 00:00:00,Quezon City,28.8,1.8,28.2,43.0,0,False
2017-07-10 00:00:00,Marikina,12.0,0.5,22.3,15.0,0,False
2017-07-10 00:00:00,Manila,7.6,1.4,11.0,5.0,0,False
2017-07-10 00:00:00,Pasig,4.9,1.6,5.0,5.0,0,False
2017-07-11 00:00:00,Quezon City,37.2,3.1,26.3,43.0,1,False
2017-07-11 00:00:00,Marikina,25.8,1.7,28.1,15.0,0,False
2017-07-11 00:00:00,Manila,5.0,1.4,15.5,5.0,0,False
2017-07-11 00:00:00,Pasig,8.4,1.1,12.0,5.0,0,False
2017-07-12 00:00:00,Quezon City,3.7,1.4,18.3,43.0,0,False
2017-07-12 00:00:00,Marikina,5.4,0.5,10.2,15.0,0,False
2017-07-12 00:00:00,Manila,1.4,0.5,5.4,5.0,0,False
2017-07-12 00:00:00,Pasig,4.5,0.5,7.8,5.0,0,False
2017-07-13 00:00:00,Quezon City,11.8,0.7,22.8,43.0,0,False
2017-07-13 00:00:00,Marikina,10.6,2.8,18.5,15.0,0,False
2017-07-13 00:00:00,Manila,10.7,0.8,18.6,5.0,0,False
2017-07-13 00:00:00,Pasig,0.2,1.9,10.4,5.0,0,False
2017-07-14 00:00:00,Quezon City,8.9,0.6,20.3,43.0,0,False
2017-07-14 00:00:00,Marikina,3.9,0.5,14.6,15.0,0,False
2017-07-14 00:00:00,Manila,16.0,2.8,18.9,5.0,0,False
2017-07-14 00:00:00,Pasig,7.8,1.5,11.9,5.0,0,False
2017-07-15 00:00:00,Quezon City,15.9,1.6,19.0,43.0,0,False
2017-07-15 00:00:00,Marikina,4.7,1.0,18.5,15.0,0,False
2017-07-15 00:00:00,Manila,11.6,1.4,7.2,5.0,0,False
2017-07-15 00:00:00,Pasig,6.6,1.1,12.6,5.0,0,False
2017-07-16 00:00:00,Quezon City,8.4,1.0,9.3,43.0,0,False
2017-07-16 00:00:00,Marikina,24.0,1.8,22.9,15.0,0,False
2017-07-16 00:00:00,Manila,1.6,0.5,13.9,5.0,0,False
2017-07-16 00:00:00,Pasig,1.2,0.5,7.1,5.0,0,False
2017-07-17 00:00:00,Quezon City,21.7,1.9,12.7,43.0,0,False
2017-07-17 00:00:00,Marikina,9.3,2.0,12.5,15.0,0,False
2017-07-17 00:00:00,Manila,3.2,0.5,13.3,5.0,0,False
2017-07-17 00:00:00,Pasig,6.5,1.1,26.2,5.0,0,False
2017-07-18 00:00:00,Quezon City,13.0,0.6,22.2,43.0,0,False
2017-07-18 00:00:00,Marikina,0.4,0.6,7.9,15.0,0,False
2017-07-18 00:00:00,Manila,9.8,3.4,14.1,5.0,0,False
2017-07-18 00:00:00,Pasig,7.6,2.3,17.3,5.0,0,False
2017-07-19 00:00:00,Quezon City,4.2,2.1,15.6,43.0,0,False
2017-07-19 00:00:00,Marikina,1.3,1.1,9.0,15.0,0,False
2017-07-19 00:00:00,Manila,13.2,1.4,13.2,5.0,0,False
2017-07-19 00:00:00,Pasig,7.1,0.5,8.0,5.0,0,False
2017-07-20 00:00:00,Quezon City,19.6,1.2,14.1,43.0,0,False
2017-07-20 00:00:00,Marikina,13.8,0.6,25.0,15.0,0,False
2017-07-20 00:00:00,Manila,18.1,0.5,20.0,5.0,0,False
2017-07-20 00:00:00,Pasig,44.4,3.3,33.4,5.0,1,False
2017-07-21 00:00:00,Quezon City,3.1,1.5,14.4,43.0,0,False
2017-07-21 00:00:00,Marikina,15.0,1.6,17.8,15.0,0,False
2017-07-21 00:00:00,Manila,33.8,4.3,19.9,5.0,1,False
2017-07-21 00:00:00,Pasig,10.0,0.5,10.1,5.0,0,False
2017-07-22 00:00:00,Quezon City,11.1,2.2,19.5,43.0,0,False
2017-07-22 00:00:00,Marikina,10.8,2.0,13.7,15.0,0,False
2017-07-22 00:00:00,Manila,9.7,2.2,17.1,5.0,0,False
2017-07-22 00:00:00,Pasig,36.7,4.5,19.9,5.0,1,False
2017-07-23 00:00:00,Quezon City,15.3,1.7,19.3,43.0,0,False
2017-07-23 00:00:00,Marikina,0.6,0.5,12.9,15.0,0,False
2017-07-23 00:00:00,Manila,12.2,0.5,15.5,5.0,0,False
2017-07-23 00:00:00,Pasig,2.9,0.5,10.9,5.0,0,False
2017-07-24 00:00:00,Quezon City,23.4,2.5,18.8,43.0,0,False
2017-07-24 00:00:00,Marikina,12.6,1.9,25.0,15.0,0,False
2017-07-24 00:00:00,Manila,9.7,0.5,16.9,5.0,0,False
2017-07-24 00:00:00,Pasig,1.5,0.7,16.3,5.0,0,False
2017-07-25 00:00:00,Quezon City,13.2,2.3,17.3,43.0,0,False
2017-07-25 00:00:00,Marikina,14.8,1.8,18.8,15.0,0,False
2017-07-25 00:00:00,Manila,7.5,0.5,11.9,5.0,0,False
2017-07-25 00:00:00,Pasig,10.0,0.9,12.7,5.0,0,False
2017-07-26 00:00:00,Quezon City,10.4,0.5,5.8,43.0,0,False
2017-07-26 00:00:00,Marikina,6.0,0.5,20.4,15.0,0,False
2017-07-26 00:00:00,Manila,4.4,0.5,19.8,5.0,0,False
2017-07-26 00:00:00,Pasig,30.6,2.8,24.8,5.0,1,False
2017-07-27 00:00:00,Quezon City,1.0,0.6,8.9,43.0,0,False
2017-07-27 00:00:00,Marikina,14.4,1.1,20.3,15.0,0,False
2017-07-27 00:00:00,Manila,4.8,0.6,18.7,5.0,0,False
2017-07-27 00:00:00,Pasig,7.0,0.5,18.4,5.0,0,False
2017-07-28 00:00:00,Quezon City,2.8,2.1,14.3,43.0,0,False
2017-07-28 00:00:00,Marikina,1.3,0.9,10.9,15.0,0,False
2017-07-28 00:00:00,Manila,6.1,0.5,20.9,5.0,0,False
2017-07-28 00:00:00,Pasig,2.7,1.4,9.6,5.0,0,False
2017-07-29 00:00:00,Quezon City,18.3,0.8,18.3,43.0,0,False
2017-07-29 00:00:00,Marikina,2.8,0.5,5.4,15.0,0,False
2017-07-29 00:00:00,Manila,13.1,0.9,15.1,5.0,0,False
2017-07-29 00:00:00,Pasig,29.4,2.7,25.0,5.0,0,False
2017-07-30 00:00:00,Quezon City,2.9,0.6,5.0,43.0,0,False
2017-07-30 00:00:00,Marikina,7.4,1.9,20.0,15.0,0,False
2017-07-30 00:00:00,Manila,4.1,0.5,6.3,5.0,0,False
2017-07-30 00:00:00,Pasig,18.2,1.8,14.8,5.0,0,False
2017-07-31 00:00:00,Quezon City,11.9,1.6,19.8,43.0,0,False
2017-07-31 00:00:00,Marikina,9.4,1.0,16.3,15.0,0,False
2017-07-31 00:00:00,Manila,6.7,2.4,13.8,5.0,0,False
2017-07-31 00:00:00,Pasig,15.2,0.9,18.9,5.0,0,False
2017-08-01 00:00:00,Quezon City,15.4,1.1,10.9,43.0,0,False
2017-08-01 00:00:00,Marikina,5.6,0.5,10.9,15.0,0,False
2017-08-01 00:00:00,Manila,5.6,2.1,17.5,5.0,0,False
2017-08-01 00:00:00,Pasig,1.8,0.9,7.4,5.0,0,False
2017-08-02 00:00:00,Quezon City,7.9,1.8,12.5,43.0,0,False
2017-08-02 00:00:00,Marikina,19.5,2.6,17.3,15.0,0,False
2017-08-02 00:00:00,Manila,27.2,2.0,19.8,5.0,0,False
2017-08-02 00:00:00,Pasig,7.7,0.9,14.9,5.0,0,False
2017-08-03 00:00:00,Quezon City,1.7,1.6,5.0,43.0,0,False
2017-08-03 00:00:00,Marikina,6.6,0.5,14.7,15.0,0,False
2017-08-03 00:00:00,Manila,8.6,0.8,7.5,5.0,0,False
2017-08-03 00:00:00,Pasig,17.1,1.4,20.9,5.0,0,False
2017-08-04 00:00:00,Quezon City,6.7,0.5,7.2,43.0,0,False
2017-08-04 00:00:00,Marikina,22.8,1.9,26.3,15.0,0,False
2017-08-04 00:00:00,Manila,25.3,2.2,24.8,5.0,0,False
2017-08-04 00:00:00,Pasig,13.5,1.1,16.4,5.0,0,False
2017-08-05 00:00:00,Quezon City,6.5,1.5,15.9,43.0,0,False
2017-08-05 00:00:00,Marikina,1.8,0.5,13.6,15.0,0,False
2017-08-05 00:00:00,Manila,3.2,0.5,14.7,5.0,0,False
2017-08-05 00:00:00,Pasig,5.7,0.7,8.0,5.0,0,False
2017-08-06 00:00:00,Quezon City,5.9,1.8,9.1,43.0,0,False
2017-08-06 00:00:00,Marikina,11.2,0.5,11.2,15.0,0,False
2017-08-06 00:00:00,Manila,7.0,0.5,14.9,5.0,0,False
2017-08-06 00:00:00,Pasig,1.0,0.9,5.0,5.0,0,False
2017-08-07 00:00:00,Quezon City,24.6,2.4,24.3,43.0,0,False
2017-08-07 00:00:00,Marikina,6.7,1.3,7.8,15.0,0,False
2017-08-07 00:00:00,Manila,2.3,0.7,9.6,5.0,0,False
2017-08-07 00:00:00,Pasig,4.4,0.5,12.3,5.0,0,False
2017-08-08 00:00:00,Quezon City,13.1,1.8,16.3,43.0,0,False
2017-08-08 00:00:00,Marikina,20.5,1.9,22.6,15.0,0,False
2017-08-08 00:00:00,Manila,21.2,1.5,29.8,5.0,0,False
2017-08-08 00:00:00,Pasig,1.2,0.5,9.6,5.0,0,False
2017-08-09 00:00:00,Quezon City,10.7,0.5,18.1,43.0,0,False
2017-08-09 00:00:00,Marikina,13.2,2.4,15.2,15.0,0,False
2017-08-09 00:00:00,Manila,2.9,0.5,9.7,5.0,0,False
2017-08-09 00:00:00,Pasig,15.7,1.3,19.1,5.0,0,False
2017-08-10 00:00:00,Quezon City,13.4,1.5,9.0,43.0,0,False
2017-08-10 00:00:00,Marikina,9.9,2.5,13.0,15.0,0,False
2017-08-10 00:00:00,Manila,4.8,0.5,19.0,5.0,0,False
2017-08-10 00:00:00,Pasig,13.1,2.0,15.4,5.0,0,False
2017-08-11 00:00:00,Quezon City,4.9,1.3,12.0,43.0,0,False
2017-08-11 00:00:00,Marikina,7.0,0.5,21.8,15.0,0,False
2017-08-11 00:00:00,Manila,2.3,1.1,19.2,5.0,0,False
2017-08-11 00:00:00,Pasig,7.4,0.6,5.0,5.0,0,False
2017-08-12 00:00:00,Quezon City,8.2,2.4,19.9,43.0,0,False
2017-08-12 00:00:00,Marikina,4.6,0.5,16.3,15.0,0,False
2017-08-12 00:00:00,Manila,18.5,0.7,18.5,5.0,0,False
2017-08-12 00:00:00,Pasig,7.1,0.5,18.5,5.0,0,False
2017-08-13 00:00:00,Quezon City,11.0,1.2,5.0,43.0,0,False
2017-08-13 00:00:00,Marikina,7.0,0.5,8.6,15.0,0,False
2017-08-13 00:00:00,Manila,3.9,1.1,11.0,5.0,0,False
2017-08-13 00:00:00,Pasig,9.6,2.2,22.8,5.0,0,False
2017-08-14 00:00:00,Quezon City,9.1,0.5,16.0,43.0,0,False
2017-08-14 00:00:00,Marikina,8.3,1.0,13.0,15.0,0,False
2017-08-14 00:00:00,Manila,8.6,2.2,14.5,5.0,0,False
2017-08-14 00:00:00,Pasig,14.4,0.7,17.2,5.0,0,False
2017-08-15 00:00:00,Quezon City,16.3,0.5,16.6,43.0,0,False
2017-08-15 00:00:00,Marikina,19.6,1.7,19.5,15.0,0,False
2017-08-15 00:00:00,Manila,8.0,0.5,16.1,5.0,0,False
2017-08-15 00:00:00,Pasig,7.9,0.6,12.3,5.0,0,False
2017-08-16 00:00:00,Quezon City,3.8,0.5,11.0,43.0,0,False
2017-08-16 00:00:00,Marikina,2.0,0.5,16.8,15.0,0,False
2017-08-16 00:00:00,Manila,13.4,1.9,12.2,5.0,0,False
2017-08-16 00:00:00,Pasig,22.1,2.6,24.7,5.0,0,False
2017-08-17 00:00:00,Quezon City,18.3,3.4,29.4,43.0,0,False
2017-08-17 00:00:00,Marikina,6.3,2.1,7.4,15.0,0,False
2017-08-17 00:00:00,Manila,5.3,0.8,11.9,5.0,0,False
2017-08-17 00:00:00,Pasig,20.7,1.4,18.3,5.0,0,False
2017-08-18 00:00:00,Quezon City,8.8,0.5,17.9,43.0,0,False
2017-08-18 00:00:00,Marikina,2.9,0.5,17.9,15.0,0,False
2017-08-18 00:00:00,Manila,3.5,0.5,12.3,5.0,0,False
2017-08-18 00:00:00,Pasig,6.3,0.5,18.3,5.0,0,False
2017-08-19 00:00:00,Quezon City,21.7,2.6,24.6,43.0,0,False
2017-08-19 00:00:00,Marikina,22.7,2.5,23.5,15.0,0,False
2017-08-19 00:00:00,Manila,18.9,1.6,24.8,5.0,0,False
2017-08-19 00:00:00,Pasig,8.4,1.7,18.8,5.0,0,False
2017-08-20 00:00:00,Quezon City,12.2,2.6,15.7,43.0,0,False
2017-08-20 00:00:00,Marikina,0.7,0.5,5.0,15.0,0,False
2017-08-20 00:00:00,Manila,13.4,0.5,19.6,5.0,0,False
2017-08-20 00:00:00,Pasig,12.6,2.4,21.3,5.0,0,False
2017-08-21 00:00:00,Quezon City,9.7,0.5,7.2,43.0,0,False
2017-08-21 00:00:00,Marikina,7.1,0.5,18.8,15.0,0,False
2017-08-21 00:00:00,Manila,8.3,0.5,12.0,5.0,0,False
2017-08-21 00:00:00,Pasig,6.8,1.1,11.0,5.0,0,False
2017-08-22 00:00:00,Quezon City,3.5,0.9,16.7,43.0,0,False
2017-08-22 00:00:00,Marikina,6.6,1.5,11.0,15.0,0,False
2017-08-22 00:00:00,Manila,20.7,2.0,17.6,5.0,0,False
2017-08-22 00:00:00,Pasig,13.5,1.1,22.1,5.0,0,False
2017-08-23 00:00:00,Quezon City,13.8,1.7,18.3,43.0,0,False
2017-08-23 00:00:00,Marikina,3.1,0.5,11.8,15.0,0,False
2017-08-23 00:00:00,Manila,23.1,1.8,27.8,5.0,0,False
2017-08-23 00:00:00,Pasig,3.3,1.1,9.4,5.0,0,False
2017-08-24 00:00:00,Quezon City,6.9,0.6,12.6,43.0,0,False
2017-08-24 00:00:00,Marikina,1.5,0.5,12.7,15.0,0,False
2017-08-24 00:00:00,Manila,7.1,1.1,16.6,5.0,0,False
2017-08-24 00:00:00,Pasig,3.4,0.5,5.0,5.0,0,False
2017-08-25 00:00:00,Quezon City,34.2,2.9,35.4,43.0,1,False
2017-08-25 00:00:00,Marikina,5.6,0.5,11.4,15.0,0,False
2017-08-25 00:00:00,Manila,8.0,0.5,19.3,5.0,0,False
2017-08-25 00:00:00,Pasig,10.0,1.8,19.4,5.0,0,False
2017-08-26 00:00:00,Quezon City,5.8,1.1,19.0,43.0,0,False
2017-08-26 00:00:00,Marikina,5.0,1.0,18.5,15.0,0,False
2017-08-26 00:00:00,Manila,15.6,1.1,13.3,5.0,0,False
2017-08-26 00:00:00,Pasig,10.3,0.5,14.2,5.0,0,False
2017-08-27 00:00:00,Quezon City,3.3,0.5,5.0,43.0,0,False
2017-08-27 00:00:00,Marikina,5.5,0.5,9.6,15.0,0,False
2017-08-27 00:00:00,Manila,8.0,0.5,19.9,5.0,0,False
2017-08-27 00:00:00,Pasig,12.3,1.1,7.8,5.0,0,False
2017-08-28 00:00:00,Quezon City,10.0,0.9,18.9,43.0,0,False
2017-08-28 00:00:00,Marikina,8.2,0.5,8.6,15.0,0,False
2017-08-28 00:00:00,Manila,5.9,0.5,19.6,5.0,0,False
2017-08-28 00:00:00,Pasig,4.1,0.5,20.4,5.0,0,False
2017-08-29 00:00:00,Quezon City,7.3,0.5,9.5,43.0,0,False
2017-08-29 00:00:00,Marikina,42.0,2.9,29.7,15.0,1,False
2017-08-29 00:00:00,Manila,6.1,1.3,8.4,5.0,0,False
2017-08-29 00:00:00,Pasig,6.8,1.5,5.0,5.0,0,False
2017-08-30 00:00:00,Quezon City,21.8,3.2,15.9,43.0,0,False
2017-08-30 00:00:00,Marikina,4.8,0.6,5.0,15.0,0,False
2017-08-30 00:00:00,Manila,3.4,1.0,7.5,5.0,0,False
2017-08-30 00:00:00,Pasig,9.7,2.9,5.0,5.0,0,False
2017-08-31 00:00:00,Quezon City,8.9,1.3,6.6,43.0,0,False
2017-08-31 00:00:00,Marikina,28.4,2.6,19.2,15.0,0,False
2017-08-31 00:00:00,Manila,5.9,0.5,13.6,5.0,0,False
2017-08-31 00:00:00,Pasig,11.4,2.9,19.9,5.0,0,False
2017-09-01 00:00:00,Quezon City,12.0,1.6,20.2,43.0,0,False
2017-09-01 00:00:00,Marikina,9.8,2.1,20.1,15.0,0,False
2017-09-01 00:00:00,Manila,11.9,1.1,21.3,5.0,0,False
2017-09-01 00:00:00,Pasig,7.5,0.5,6.1,5.0,0,False
2017-09-02 00:00:00,Quezon City,6.1,0.5,10.8,43.0,0,False
2017-09-02 00:00:00,Marikina,9.0,1.6,6.4,15.0,0,False
2017-09-02 00:00:00,Manila,4.3,1.0,13.3,5.0,0,False
2017-09-02 00:00:00,Pasig,21.2,1.1,19.1,5.0,0,False
2017-09-03 00:00:00,Quezon City,2.5,0.5,18.2,43.0,0,False
2017-09-03 00:00:00,Marikina,8.5,1.0,14.4,15.0,0,False
2017-09-03 00:00:00,Manila,3.9,0.5,12.1,5.0,0,False
2017-09-03 00:00:00,Pasig,10.7,0.5,19.1,5.0,0,False
2017-09-04 00:00:00,Quezon City,16.3,1.3,21.2,43.0,0,False
2017-09-04 00:00:00,Marikina,10.6,1.1,17.7,15.0,0,False
2017-09-04 00:00:00,Manila,3.3,1.1,15.0,5.0,0,False
2017-09-04 00:00:00,Pasig,6.0,0.6,14.5,5.0,0,False
2017-09-05 00:00:00,Quezon City,7.3,0.9,13.5,43.0,0,False
2017-09-05 00:00:00,Marikina,17.8,3.7,11.4,15.0,0,False
2017-09-05 00:00:00,Manila,3.3,0.5,5.0,5.0,0,False
2017-09-05 00:00:00,Pasig,5.1,1.0,14.2,5.0,0,False
2017-09-06 00:00:00,Quezon City,1.3,0.5,8.7,43.0,0,False
2017-09-06 00:00:00,Marikina,8.3,0.5,8.8,15.0,0,False
2017-09-06 00:00:00,Manila,7.2,1.1,10.0,5.0,0,False
2017-09-06 00:00:00,Pasig,4.2,1.2,20.8,5.0,0,False
2017-09-07 00:00:00,Quezon City,13.8,1.3,15.8,43.0,0,False
2017-09-07 00:00:00,Marikina,9.5,1.3,18.3,15.0,0,False
2017-09-07 00:00:00,Manila,10.9,0.7,19.0,5.0,0,False
2017-09-07 00:00:00,Pasig,1.7,0.5,9.8,5.0,0,False
2017-09-08 00:00:00,Quezon City,9.1,0.5,8.6,43.0,0,False
2017-09-08 00:00:00,Marikina,6.1,0.5,19.8,15.0,0,False
2017-09-08 00:00:00,Manila,8.1,0.5,16.8,5.0,0,False
2017-09-08 00:00:00,Pasig,2.7,1.2,6.9,5.0,0,False
2017-09-09 00:00:00,Quezon City,12.1,1.3,17.5,43.0,0,False
2017-09-09 00:00:00,Marikina,15.3,1.1,17.8,15.0,0,False
2017-09-09 00:00:00,Manila,15.1,3.5,7.7,5.0,0,False
2017-09-09 00:00:00,Pasig,15.2,0.5,13.4,5.0,0,False
2017-09-10 00:00:00,Quezon City,1.8,0.5,11.5,43.0,0,False
2017-09-10 00:00:00,Marikina,14.9,0.8,16.9,15.0,0,False
2017-09-10 00:00:00,Manila,5.8,0.7,8.0,5.0,0,False
2017-09-10 00:00:00,Pasig,21.4,2.7,12.0,5.0,0,False
2017-09-11 00:00:00,Quezon City,5.0,1.2,10.6,43.0,0,False
2017-09-11 00:00:00,Marikina,7.3,0.6,15.7,15.0,0,False
2017-09-11 00:00:00,Manila,7.1,0.8,17.5,5.0,0,False
2017-09-11 00:00:00,Pasig,17.1,2.5,17.5,5.0,0,False
2017-09-12 00:00:00,Quezon City,6.4,0.5,15.9,43.0,0,False
2017-09-12 00:00:00,Marikina,21.4,2.1,11.4,15.0,0,False
2017-09-12 00:00:00,Manila,11.3,2.7,17.7,5.0,0,False
2017-09-12 00:00:00,Pasig,1.2,1.3,8.1,5.0,0,False
2017-09-13 00:00:00,Quezon City,4.4,1.5,12.8,43.0,0,False
2017-09-13 00:00:00,Marikina,12.7,1.8,14.2,15.0,0,False
2017-09-13 00:00:00,Manila,2.6,1.5,10.5,5.0,0,False
2017-09-13 00:00:00,Pasig,5.6,0.5,14.1,5.0,0,False
2017-09-14 00:00:00,Quezon City,4.3,1.2,18.4,43.0,0,False
2017-09-14 00:00:00,Marikina,8.8,0.5,22.7,15.0,0,False
2017-09-14 00:00:00,Manila,7.3,1.7,22.9,5.0,0,False
2017-09-14 00:00:00,Pasig,7.6,0.5,17.4,5.0,0,False
2017-09-15 00:00:00,Quezon City,1.0,0.5,15.4,43.0,0,False
2017-09-15 00:00:00,Marikina,9.7,1.4,8.1,15.0,0,False
2017-09-15 00:00:00,Manila,21.9,1.8,19.9,5.0,0,False
2017-09-15 00:00:00,Pasig,16.9,0.5,28.4,5.0,0,False
2017-09-16 00:00:00,Quezon City,11.0,1.5,9.6,43.0,0,False
2017-09-16 00:00:00,Marikina,9.5,0.5,14.0,15.0,0,False
2017-09-16 00:00:00,Manila,25.1,2.0,26.7,5.0,0,False
2017-09-16 00:00:00,Pasig,4.2,0.5,17.2,5.0,0,False
2017-09-17 00:00:00,Quezon City,8.2,0.5,18.0,43.0,0,False
2017-09-17 00:00:00,Marikina,21.1,1.4,19.9,15.0,0,False
2017-09-17 00:00:00,Manila,19.1,2.0,21.4,5.0,0,False
2017-09-17 00:00:00,Pasig,12.5,3.5,15.1,5.0,0,False
2017-09-18 00:00:00,Quezon City,4.4,0.5,9.3,43.0,0,False
2017-09-18 00:00:00,Marikina,6.4,0.5,9.2,15.0,0,False
2017-09-18 00:00:00,Manila,9.9,1.1,17.3,5.0,0,False
2017-09-18 00:00:00,Pasig,3.4,0.5,14.3,5.0,0,False
2017-09-19 00:00:00,Quezon City,8.7,0.5,12.5,43.0,0,False
2017-09-19 00:00:00,Marikina,5.6,1.5,5.0,15.0,0,False
2017-09-19 00:00:00,Manila,24.6,2.1,16.9,5.0,0,False
2017-09-19 00:00:00,Pasig,21.8,1.5,13.9,5.0,0,False
2017-09-20 00:00:00,Quezon City,2.8,0.9,13.4,43.0,0,False
2017-09-20 00:00:00,Marikina,0.9,0.5,14.4,15.0,0,False
2017-09-20 00:00:00,Manila,8.7,0.8,9.5,5.0,0,False
2017-09-20 00:00:00,Pasig,12.6,0.5,14.7,5.0,0,False
2017-09-21 00:00:00,Quezon City,7.4,2.3,18.0,43.0,0,False
2017-09-21 00:00:00,Marikina,11.5,1.8,16.4,15.0,0,False
2017-09-21 00:00:00,Manila,5.5,0.5,5.0,5.0,0,False
2017-09-21 00:00:00,Pasig,4.1,0.5,17.2,5.0,0,False
2017-09-22 00:00:00,Quezon City,10.9,0.5,12.9,43.0,0,False
2017-09-22 00:00:00,Marikina,16.6,4.1,19.2,15.0,0,False
2017-09-22 00:00:00,Manila,3.9,0.5,22.2,5.0,0,False
2017-09-22 00:00:00,Pasig,10.4,0.5,14.9,5.0,0,False
2017-09-23 00:00:00,Quezon City,7.9,0.9,21.4,43.0,0,False
2017-09-23 00:00:00,Marikina,4.1,0.5,13.4,15.0,0,False
2017-09-23 00:00:00,Manila,7.0,0.5,12.0,5.0,0,False
2017-09-23 00:00:00,Pasig,13.8,2.1,22.5,5.0,0,False
2017-09-24 00:00:00,Quezon City,9.6,0.5,22.4,43.0,0,False
2017-09-24 00:00:00,Marikina,15.2,1.7,24.1,15.0,0,False
2017-09-24 00:00:00,Manila,8.0,1.0,15.4,5.0,0,False
2017-09-24 00:00:00,Pasig,6.7,0.5,12.8,5.0,0,False
2017-09-25 00:00:00,Quezon City,3.7,0.5,13.2,43.0,0,False
2017-09-25 00:00:00,Marikina,18.9,3.4,22.6,15.0,0,False
2017-09-25 00:00:00,Manila,3.3,0.5,19.6,5.0,0,False
2017-09-25 00:00:00,Pasig,4.8,1.5,8.5,5.0,0,False
2017-09-26 00:00:00,Quezon City,1.9,0.5,13.4,43.0,0,False
2017-09-26 00:00:00,Marikina,37.7,4.3,27.7,15.0,1,False
2017-09-26 00:00:00,Manila,7.4,0.5,19.7,5.0,0,False
2017-09-26 00:00:00,Pasig,6.8,1.5,15.6,5.0,0,False
2017-09-27 00:00:00,Quezon City,22.1,1.1,14.3,43.0,0,False
2017-09-27 00:00:00,Marikina,3.2,0.5,15.0,15.0,0,False
2017-09-27 00:00:00,Manila,11.6,0.5,17.1,5.0,0,False
2017-09-27 00:00:00,Pasig,12.8,1.7,13.3,5.0,0,False
2017-09-28 00:00:00,Quezon City,4.4,1.9,10.7,43.0,0,False
2017-09-28 00:00:00,Marikina,8.3,2.0,7.8,15.0,0,False
2017-09-28 00:00:00,Manila,19.5,1.5,13.5,5.0,0,False
2017-09-28 00:00:00,Pasig,10.9,1.5,20.1,5.0,0,False
2017-09-29 00:00:00,Quezon City,4.1,1.0,6.2,43.0,0,False
2017-09-29 00:00:00,Marikina,5.3,0.5,12.1,15.0,0,False
2017-09-29 00:00:00,Manila,4.7,0.6,18.1,5.0,0,False
2017-09-29 00:00:00,Pasig,5.3,1.6,10.4,5.0,0,False
2017-09-30 00:00:00,Quezon City,14.4,0.5,14.7,43.0,0,False
2017-09-30 00:00:00,Marikina,2.4,0.6,12.2,15.0,0,False
2017-09-30 00:00:00,Manila,9.3,0.6,13.1,5.0,0,False
2017-09-30 00:00:00,Pasig,13.1,1.6,5.0,5.0,0,False
2017-10-01 00:00:00,Quezon City,2.1,0.8,10.0,43.0,0,False
2017-10-01 00:00:00,Marikina,8.0,1.0,16.0,15.0,0,False
2017-10-01 00:00:00,Manila,15.0,2.7,19.3,5.0,0,False
2017-10-01 00:00:00,Pasig,1.5,0.5,5.0,5.0,0,False
2017-10-02 00:00:00,Quezon City,9.6,0.7,23.2,43.0,0,False
2017-10-02 00:00:00,Marikina,10.9,0.5,16.4,15.0,0,False
2017-10-02 00:00:00,Manila,5.1,0.5,18.8,5.0,0,False
2017-10-02 00:00:00,Pasig,7.0,1.2,18.2,5.0,0,False
2017-10-03 00:00:00,Quezon City,33.8,1.8,21.8,43.0,1,False
2017-10-03 00:00:00,Marikina,11.2,0.9,5.2,15.0,0,False
2017-10-03 00:00:00,Manila,5.2,1.3,9.1,5.0,0,False
2017-10-03 00:00:00,Pasig,9.8,1.0,15.5,5.0,0,False
2017-10-04 00:00:00,Quezon City,3.1,0.5,17.1,43.0,0,False
2017-10-04 00:00:00,Marikina,15.7,0.5,17.0,15.0,0,False
2017-10-04 00:00:00,Manila,1.5,0.5,7.7,5.0,0,False
2017-10-04 00:00:00,Pasig,16.4,1.3,15.9,5.0,0,False
2017-10-05 00:00:00,Quezon City,31.6,2.0,31.1,43.0,1,False
2017-10-05 00:00:00,Marikina,16.7,3.0,12.8,15.0,0,False
2017-10-05 00:00:00,Manila,5.3,0.5,6.4,5.0,0,False
2017-10-05 00:00:00,Pasig,12.0,1.9,11.9,5.0,0,False
2017-10-06 00:00:00,Quezon City,4.9,1.1,11.7,43.0,0,False
2017-10-06 00:00:00,Marikina,12.6,0.9,12.0,15.0,0,False
2017-10-06 00:00:00,Manila,12.5,1.6,26.5,5.0,0,False
2017-10-06 00:00:00,Pasig,11.5,0.5,18.4,5.0,0,False
2017-10-07 00:00:00,Quezon City,9.1,0.5,14.4,43.0,0,False
2017-10-07 00:00:00,Marikina,14.8,0.5,17.7,15.0,0,False
2017-10-07 00:00:00,Manila,6.4,0.6,20.2,5.0,0,False
2017-10-07 00:00:00,Pasig,10.1,2.7,9.5,5.0,0,False
2017-10-08 00:00:00,Quezon City,8.6,0.5,13.1,43.0,0,False
2017-10-08 00:00:00,Marikina,5.4,0.5,12.0,15.0,0,False
2017-10-08 00:00:00,Manila,10.1,0.5,9.5,5.0,0,False
2017-10-08 00:00:00,Pasig,15.3,0.8,17.0,5.0,0,False
2017-10-09 00:00:00,Quezon City,5.8,1.7,11.5,43.0,0,False
2017-10-09 00:00:00,Marikina,20.8,2.0,14.8,15.0,0,False
2017-10-09 00:00:00,Manila,16.3,3.6,11.9,5.0,0,False
2017-10-09 00:00:00,Pasig,10.7,2.0,16.4,5.0,0,False
2017-10-10 00:00:00,Quezon City,4.5,0.5,16.2,43.0,0,False
2017-10-10 00:00:00,Marikina,14.8,1.6,16.5,15.0,0,False
2017-10-10 00:00:00,Manila,3.3,0.5,12.8,5.0,0,False
2017-10-10 00:00:00,Pasig,8.6,1.9,5.7,5.0,0,False
2017-10-11 00:00:00,Quezon City,8.6,1.0,11.7,43.0,0,False
2017-10-11 00:00:00,Marikina,10.2,0.5,11.6,15.0,0,False
2017-10-11 00:00:00,Manila,13.3,2.0,13.0,5.0,0,False
2017-10-11 00:00:00,Pasig,10.9,0.5,9.1,5.0,0,False
2017-10-12 00:00:00,Quezon City,5.2,0.5,21.6,43.0,0,False
2017-10-12 00:00:00,Marikina,11.5,0.5,5.0,15.0,0,False
2017-10-12 00:00:00,Manila,7.1,0.5,20.1,5.0,0,False
2017-10-12 00:00:00,Pasig,12.3,0.5,11.7,5.0,0,False
2017-10-13 00:00:00,Quezon City,10.1,2.4,18.5,43.0,0,False
2017-10-13 00:00:00,Marikina,14.3,0.6,11.8,15.0,0,False
2017-10-13 00:00:00,Manila,13.6,1.3,15.6,5.0,0,False
2017-10-13 00:00:00,Pasig,25.1,1.8,22.9,5.0,0,False
2017-10-14 00:00:00,Quezon City,3.7,0.5,15.4,43.0,0,False
2017-10-14 00:00:00,Marikina,19.5,1.0,28.1,15.0,0,False
2017-10-14 00:00:00,Manila,3.4,1.0,5.0,5.0,0,False
2017-10-14 00:00:00,Pasig,3.5,0.5,5.8,5.0,0,False
2017-10-15 00:00:00,Quezon City,6.2,1.4,5.0,43.0,0,False
2017-10-15 00:00:00,Marikina,3.9,0.6,19.1,15.0,0,False
2017-10-15 00:00:00,Manila,13.4,0.6,9.2,5.0,0,False
2017-10-15 00:00:00,Pasig,28.9,3.5,26.9,5.0,0,False
2017-10-16 00:00:00,Quezon City,4.7,0.6,10.8,43.0,0,False
2017-10-16 00:00:00,Marikina,4.0,0.5,18.0,15.0,0,False
2017-10-16 00:00:00,Manila,16.6,2.5,14.4,5.0,0,False
2017-10-16 00:00:00,Pasig,3.7,0.5,5.3,5.0,0,False
2017-10-17 00:00:00,Quezon City,14.9,2.0,17.7,43.0,0,False
2017-10-17 00:00:00,Marikina,3.6,1.0,19.5,15.0,0,False
2017-10-17 00:00:00,Manila,20.6,1.0,20.6,5.0,0,False
2017-10-17 00:00:00,Pasig,10.8,1.0,6.9,5.0,0,False
2017-10-18 00:00:00,Quezon City,14.9,1.3,22.2,43.0,0,False
2017-10-18 00:00:00,Marikina,9.5,0.5,5.0,15.0,0,False
2017-10-18 00:00:00,Manila,6.5,0.5,11.7,5.0,0,False
2017-10-18 00:00:00,Pasig,9.3,0.7,15.3,5.0,0,False
2017-10-19 00:00:00,Quezon City,6.8,1.0,14.0,43.0,0,False
2017-10-19 00:00:00,Marikina,12.5,1.7,18.5,15.0,0,False
2017-10-19 00:00:00,Manila,1.3,1.2,13.8,5.0,0,False
2017-10-19 00:00:00,Pasig,2.0,0.5,9.9,5.0,0,False
2017-10-20 00:00:00,Quezon City,11.8,2.0,8.7,43.0,0,False
2017-10-20 00:00:00,Marikina,18.6,1.8,12.5,15.0,0,False
2017-10-20 00:00:00,Manila,6.7,0.5,15.5,5.0,0,False
2017-10-20 00:00:00,Pasig,12.4,1.7,21.1,5.0,0,False
2017-10-21 00:00:00,Quezon City,15.8,0.7,16.3,43.0,0,False
2017-10-21 00:00:00,Marikina,5.8,0.5,22.1,15.0,0,False
2017-10-21 00:00:00,Manila,10.2,0.8,22.9,5.0,0,False
2017-10-21 00:00:00,Pasig,11.0,2.6,19.4,5.0,0,False
2017-10-22 00:00:00,Quezon City,5.8,0.5,7.2,43.0,0,False
2017-10-22 00:00:00,Marikina,6.5,2.2,12.7,15.0,0,False
2017-10-22 00:00:00,Manila,13.5,1.6,18.3,5.0,0,False
2017-10-22 00:00:00,Pasig,1.6,0.5,5.0,5.0,0,False
2017-10-23 00:00:00,Quezon City,3.9,0.5,9.2,43.0,0,False
2017-10-23 00:00:00,Marikina,12.3,2.5,15.8,15.0,0,False
2017-10-23 00:00:00,Manila,4.6,0.6,21.6,5.0,0,False
2017-10-23 00:00:00,Pasig,6.4,1.1,15.4,5.0,0,False
2017-10-24 00:00:00,Quezon City,4.4,0.5,6.6,43.0,0,False
2017-10-24 00:00:00,Marikina,13.9,1.3,15.6,15.0,0,False
2017-10-24 00:00:00,Manila,11.8,0.5,5.0,5.0,0,False
2017-10-24 00:00:00,Pasig,9.4,0.7,10.4,5.0,0,False
2017-10-25 00:00:00,Quezon City,3.2,0.5,9.2,43.0,0,False
2017-10-25 00:00:00,Marikina,4.6,1.2,11.4,15.0,0,False
2017-10-25 00:00:00,Manila,5.0,0.5,8.4,5.0,0,False
2017-10-25 00:00:00,Pasig,33.1,2.9,17.9,5.0,1,False
2017-10-26 00:00:00,Quezon City,8.6,1.8,10.0,43.0,0,False
2017-10-26 00:00:00,Marikina,6.9,0.5,8.0,15.0,0,False
2017-10-26 00:00:00,Manila,12.0,0.5,22.1,5.0,0,False
2017-10-26 00:00:00,Pasig,3.0,0.8,5.0,5.0,0,False
2017-10-27 00:00:00,Quezon City,22.5,2.6,21.8,43.0,0,False
2017-10-27 00:00:00,Marikina,2.6,0.6,14.5,15.0,0,False
2017-10-27 00:00:00,Manila,4.8,2.5,11.4,5.0,0,False
2017-10-27 00:00:00,Pasig,3.2,0.5,5.0,5.0,0,False
2017-10-28 00:00:00,Quezon City,14.1,0.5,20.1,43.0,0,False
2017-10-28 00:00:00,Marikina,8.1,0.5,7.7,15.0,0,False
2017-10-28 00:00:00,Manila,9.9,0.9,25.5,5.0,0,False
2017-10-28 00:00:00,Pasig,9.7,1.0,20.2,5.0,0,False
2017-10-29 00:00:00,Quezon City,6.4,2.1,16.0,43.0,0,False
2017-10-29 00:00:00,Marikina,27.3,2.9,25.1,15.0,0,False
2017-10-29 00:00:00,Manila,11.9,0.5,16.2,5.0,0,False
2017-10-29 00:00:00,Pasig,8.3,0.5,14.2,5.0,0,False
2017-10-30 00:00:00,Quezon City,6.5,0.5,15.3,43.0,0,False
2017-10-30 00:00:00,Marikina,13.5,0.5,21.2,15.0,0,False
2017-10-30 00:00:00,Manila,18.6,2.0,21.9,5.0,0,False
2017-10-30 00:00:00,Pasig,20.2,2.9,26.5,5.0,0,False
2017-10-31 00:00:00,Quezon City,4.7,0.5,12.8,43.0,0,False
2017-10-31 00:00:00,Marikina,3.5,0.5,7.3,15.0,0,False
2017-10-31 00:00:00,Manila,1.9,0.5,11.7,5.0,0,False
2017-10-31 00:00:00,Pasig,4.0,1.2,5.0,5.0,0,False
2017-11-01 00:00:00,Quezon City,4.8,1.0,10.0,43.0,0,False
2017-11-01 00:00:00,Marikina,23.8,2.4,19.3,15.0,0,False
2017-11-01 00:00:00,Manila,1.7,1.2,8.1,5.0,0,False
2017-11-01 00:00:00,Pasig,12.2,0.5,12.3,5.0,0,False
2017-11-02 00:00:00,Quezon City,8.5,0.6,17.7,43.0,0,False
2017-11-02 00:00:00,Marikina,5.8,0.5,12.7,15.0,0,False
2017-11-02 00:00:00,Manila,8.6,0.7,17.3,5.0,0,False
2017-11-02 00:00:00,Pasig,14.3,1.7,19.2,5.0,0,False
2017-11-03 00:00:00,Quezon City,2.5,0.8,7.4,43.0,0,False
2017-11-03 00:00:00,Marikina,9.1,0.5,16.5,15.0,0,False
2017-11-03 00:00:00,Manila,17.6,2.0,24.0,5.0,0,False
2017-11-03 00:00:00,Pasig,9.1,0.5,16.1,5.0,0,False
2017-11-04 00:00:00,Quezon City,5.4,0.5,7.7,43.0,0,False
2017-11-04 00:00:00,Marikina,3.8,0.8,11.0,15.0,0,False
2017-11-04 00:00:00,Manila,28.9,3.3,29.9,5.0,0,False
2017-11-04 00:00:00,Pasig,3.5,0.5,21.2,5.0,0,False
2017-11-05 00:00:00,Quezon City,10.0,1.8,8.6,43.0,0,False
2017-11-05 00:00:00,Marikina,8.6,0.5,14.8,15.0,0,False
2017-11-05 00:00:00,Manila,5.2,0.5,16.7,5.0,0,False
2017-11-05 00:00:00,Pasig,4.9,0.5,18.6,5.0,0,False
2017-11-06 00:00:00,Quezon City,18.0,0.9,29.3,43.0,0,False
2017-11-06 00:00:00,Marikina,24.6,1.1,23.2,15.0,0,False
2017-11-06 00:00:00,Manila,9.3,1.9,17.1,5.0,0,False
2017-11-06 00:00:00,Pasig,11.6,0.6,11.9,5.0,0,False
2017-11-07 00:00:00,Quezon City,27.5,1.5,23.0,43.0,0,False
2017-11-07 00:00:00,Marikina,6.0,0.5,10.7,15.0,0,False
2017-11-07 00:00:00,Manila,4.8,1.2,7.6,5.0,0,False
2017-11-07 00:00:00,Pasig,16.1,1.4,22.0,5.0,0,False
2017-11-08 00:00:00,Quezon City,9.3,2.9,7.0,43.0,0,False
2017-11-08 00:00:00,Marikina,1.8,0.5,13.4,15.0,0,False
2017-11-08 00:00:00,Manila,6.2,0.5,13.7,5.0,0,False
2017-11-08 00:00:00,Pasig,9.2,0.5,15.8,5.0,0,False
2017-11-09 00:00:00,Quezon City,3.6,0.8,15.0,43.0,0,False
2017-11-09 00:00:00,Marikina,2.8,0.5,7.5,15.0,0,False
2017-11-09 00:00:00,Manila,10.7,2.6,12.5,5.0,0,False
2017-11-09 00:00:00,Pasig,14.4,1.3,16.3,5.0,0,False
2017-11-10 00:00:00,Quezon City,34.6,3.2,32.0,43.0,1,False
2017-11-10 00:00:00,Marikina,4.8,0.5,6.3,15.0,0,False
2017-11-10 00:00:00,Manila,26.3,0.6,26.0,5.0,0,False
2017-11-10 00:00:00,Pasig,2.8,0.5,15.0,5.0,0,False
2017-11-11 00:00:00,Quezon City,5.7,0.5,20.3,43.0,0,False
2017-11-11 00:00:00,Marikina,7.9,0.7,13.6,15.0,0,False
2017-11-11 00:00:00,Manila,18.7,1.2,19.4,5.0,0,False
2017-11-11 00:00:00,Pasig,7.1,0.9,19.3,5.0,0,False
2017-11-12 00:00:00,Quezon City,8.4,3.8,15.1,43.0,0,False
2017-11-12 00:00:00,Marikina,11.8,1.2,20.2,15.0,0,False
2017-11-12 00:00:00,Manila,17.2,2.1,20.6,5.0,0,False
2017-11-12 00:00:00,Pasig,15.3,1.0,17.4,5.0,0,False
2017-11-13 00:00:00,Quezon City,17.7,0.8,12.6,43.0,0,False
2017-11-13 00:00:00,Marikina,10.1,0.5,15.9,15.0,0,False
2017-11-13 00:00:00,Manila,2.1,0.5,9.5,5.0,0,False
2017-11-13 00:00:00,Pasig,7.8,1.8,11.0,5.0,0,False
2017-11-14 00:00:00,Quezon City,16.0,1.1,13.1,43.0,0,False
2017-11-14 00:00:00,Marikina,5.3,0.5,25.8,15.0,0,False
2017-11-14 00:00:00,Manila,4.6,0.5,8.9,5.0,0,False
2017-11-14 00:00:00,Pasig,6.7,1.3,9.8,5.0,0,False
2017-11-15 00:00:00,Quezon City,4.4,1.4,18.3,43.0,0,False
2017-11-15 00:00:00,Marikina,12.2,1.0,16.6,15.0,0,False
2017-11-15 00:00:00,Manila,9.6,0.5,16.6,5.0,0,False
2017-11-15 00:00:00,Pasig,3.4,0.5,17.5,5.0,0,False
2017-11-16 00:00:00,Quezon City,25.4,3.2,16.0,43.0,0,False
2017-11-16 00:00:00,Marikina,12.6,0.5,16.7,15.0,0,False
2017-11-16 00:00:00,Manila,4.4,0.5,7.2,5.0,0,False
2017-11-16 00:00:00,Pasig,3.1,0.5,8.1,5.0,0,False
2017-11-17 00:00:00,Quezon City,19.9,2.1,12.5,43.0,0,False
2017-11-17 00:00:00,Marikina,19.3,2.6,20.3,15.0,0,False
2017-11-17 00:00:00,Manila,8.5,0.5,18.1,5.0,0,False
2017-11-17 00:00:00,Pasig,7.3,0.7,8.8,5.0,0,False
2017-11-18 00:00:00,Quezon City,7.7,2.6,6.8,43.0,0,False
2017-11-18 00:00:00,Marikina,13.4,3.5,8.9,15.0,0,False
2017-11-18 00:00:00,Manila,6.0,0.5,13.7,5.0,0,False
2017-11-18 00:00:00,Pasig,2.7,0.5,8.5,5.0,0,False
2017-11-19 00:00:00,Quezon City,18.0,2.4,19.2,43.0,0,False
2017-11-19 00:00:00,Marikina,11.4,0.5,7.6,15.0,0,False
2017-11-19 00:00:00,Manila,17.6,3.2,12.9,5.0,0,False
2017-11-19 00:00:00,Pasig,0.5,0.5,10.6,5.0,0,False
2017-11-20 00:00:00,Quezon City,6.7,0.5,15.6,43.0,0,False
2017-11-20 00:00:00,Marikina,3.9,0.5,5.5,15.0,0,False
2017-11-20 00:00:00,Manila,16.7,2.0,10.8,5.0,0,False
2017-11-20 00:00:00,Pasig,11.1,1.7,13.4,5.0,0,False
2017-11-21 00:00:00,Quezon City,8.6,1.8,13.5,43.0,0,False
2017-11-21 00:00:00,Marikina,9.4,1.6,21.1,15.0,0,False
2017-11-21 00:00:00,Manila,5.6,1.4,20.9,5.0,0,False
2017-11-21 00:00:00,Pasig,1.7,0.6,5.3,5.0,0,False
2017-11-22 00:00:00,Quezon City,7.2,0.9,11.2,43.0,0,False
2017-11-22 00:00:00,Marikina,2.5,0.5,8.8,15.0,0,False
2017-11-22 00:00:00,Manila,4.0,0.5,5.7,5.0,0,False
2017-11-22 00:00:00,Pasig,9.2,0.5,13.2,5.0,0,False
2017-11-23 00:00:00,Quezon City,7.8,1.3,18.1,43.0,0,False
2017-11-23 00:00:00,Marikina,5.7,0.9,14.3,15.0,0,False
2017-11-23 00:00:00,Manila,18.6,1.1,16.0,5.0,0,False
2017-11-23 00:00:00,Pasig,6.5,0.5,14.2,5.0,0,False
2017-11-24 00:00:00,Quezon City,11.7,1.7,15.3,43.0,0,False
2017-11-24 00:00:00,Marikina,11.1,0.5,22.5,15.0,0,False
2017-11-24 00:00:00,Manila,9.6,0.7,16.3,5.0,0,False
2017-11-24 00:00:00,Pasig,15.5,2.0,15.6,5.0,0,False
2017-11-25 00:00:00,Quezon City,11.6,0.9,22.6,43.0,0,False
2017-11-25 00:00:00,Marikina,2.7,0.5,17.8,15.0,0,False
2017-11-25 00:00:00,Manila,15.9,1.1,27.0,5.0,0,False
2017-11-25 00:00:00,Pasig,12.8,0.5,18.0,5.0,0,False
2017-11-26 00:00:00,Quezon City,4.2,0.5,6.1,43.0,0,False
2017-11-26 00:00:00,Marikina,26.1,2.8,19.1,15.0,0,False
2017-11-26 00:00:00,Manila,28.5,4.0,25.9,5.0,0,False
2017-11-26 00:00:00,Pasig,7.1,0.5,11.6,5.0,0,False
2017-11-27 00:00:00,Quezon City,4.0,0.5,19.3,43.0,0,False
2017-11-27 00:00:00,Marikina,4.3,0.5,15.5,15.0,0,False
2017-11-27 00:00:00,Manila,21.1,2.0,21.8,5.0,0,False
2017-11-27 00:00:00,Pasig,15.1,0.5,22.1,5.0,0,False
2017-11-28 00:00:00,Quezon City,3.9,0.5,7.3,43.0,0,False
2017-11-28 00:00:00,Marikina,6.2,0.8,18.6,15.0,0,False
2017-11-28 00:00:00,Manila,5.4,0.5,16.7,5.0,0,False
2017-11-28 00:00:00,Pasig,1.9,0.5,5.0,5.0,0,False
2017-11-29 00:00:00,Quezon City,18.9,1.6,16.9,43.0,0,False
2017-11-29 00:00:00,Marikina,1.1,0.5,14.0,15.0,0,False
2017-11-29 00:00:00,Manila,20.8,1.8,31.1,5.0,0,False
2017-11-29 00:00:00,Pasig,4.4,1.1,9.4,5.0,0,False
2017-11-30 00:00:00,Quezon City,5.9,0.5,19.3,43.0,0,False
2017-11-30 00:00:00,Marikina,9.6,0.5,13.9,15.0,0,False
2017-11-30 00:00:00,Manila,18.4,0.5,29.8,5.0,0,False
2017-11-30 00:00:00,Pasig,6.1,1.4,13.3,5.0,0,False
2017-12-01 00:00:00,Quezon City,22.2,2.7,22.1,43.0,0,False
2017-12-01 00:00:00,Marikina,8.2,0.5,17.3,15.0,0,False
2017-12-01 00:00:00,Manila,5.8,0.5,5.5,5.0,0,False
2017-12-01 00:00:00,Pasig,16.9,2.0,10.6,5.0,0,False
2017-12-02 00:00:00,Quezon City,5.4,0.5,10.0,43.0,0,False
2017-12-02 00:00:00,Marikina,8.3,0.5,21.7,15.0,0,False
2017-12-02 00:00:00,Manila,5.9,0.5,5.7,5.0,0,False
2017-12-02 00:00:00,Pasig,14.0,1.3,25.4,5.0,0,False
2017-12-03 00:00:00,Quezon City,7.2,0.7,8.9,43.0,0,False
2017-12-03 00:00:00,Marikina,5.4,1.6,14.3,15.0,0,False
2017-12-03 00:00:00,Manila,0.6,1.3,5.0,5.0,0,False
2017-12-03 00:00:00,Pasig,19.3,3.5,18.1,5.0,0,False
2017-12-04 00:00:00,Quezon City,23.0,4.5,26.2,43.0,0,False
2017-12-04 00:00:00,Marikina,6.2,2.2,19.3,15.0,0,False
2017-12-04 00:00:00,Manila,15.4,1.0,24.4,5.0,0,False
2017-12-04 00:00:00,Pasig,27.6,2.8,25.7,5.0,0,False
2017-12-05 00:00:00,Quezon City,2.6,0.9,5.0,43.0,0,False
2017-12-05 00:00:00,Marikina,2.1,0.5,16.3,15.0,0,False
2017-12-05 00:00:00,Manila,1.4,0.5,8.4,5.0,0,False
2017-12-05 00:00:00,Pasig,9.5,0.5,13.5,5.0,0,False
2017-12-06 00:00:00,Quezon City,8.7,0.8,16.6,43.0,0,False
2017-12-06 00:00:00,Marikina,16.4,2.9,18.4,15.0,0,False
2017-12-06 00:00:00,Manila,5.2,0.5,15.2,5.0,0,False
2017-12-06 00:00:00,Pasig,21.7,2.7,17.6,5.0,0,False
2017-12-07 00:00:00,Quezon City,4.5,0.5,13.4,43.0,0,False
2017-12-07 00:00:00,Marikina,4.4,0.6,12.7,15.0,0,False
2017-12-07 00:00:00,Manila,8.3,1.0,22.7,5.0,0,False
2017-12-07 00:00:00,Pasig,3.5,0.5,6.2,5.0,0,False
2017-12-08 00:00:00,Quezon City,6.2,0.9,14.5,43.0,0,False
2017-12-08 00:00:00,Marikina,2.1,0.5,8.2,15.0,0,False
2017-12-08 00:00:00,Manila,24.1,1.9,20.9,5.0,0,False
2017-12-08 00:00:00,Pasig,12.1,0.5,9.7,5.0,0,False
2017-12-09 00:00:00,Quezon City,4.0,0.5,15.0,43.0,0,False
2017-12-09 00:00:00,Marikina,10.8,0.9,13.5,15.0,0,False
2017-12-09 00:00:00,Manila,19.5,3.1,26.2,5.0,0,False
2017-12-09 00:00:00,Pasig,15.6,1.2,16.8,5.0,0,False
2017-12-10 00:00:00,Quezon City,4.1,0.5,8.2,43.0,0,False
2017-12-10 00:00:00,Marikina,14.5,0.5,16.5,15.0,0,False
2017-12-10 00:00:00,Manila,8.3,0.5,12.5,5.0,0,False
2017-12-10 00:00:00,Pasig,8.2,1.4,10.5,5.0,0,False
2017-12-11 00:00:00,Quezon City,19.8,2.2,21.3,43.0,0,False
2017-12-11 00:00:00,Marikina,9.8,0.5,22.0,15.0,0,False
2017-12-11 00:00:00,Manila,13.4,0.5,21.6,5.0,0,False
2017-12-11 00:00:00,Pasig,3.8,0.6,9.5,5.0,0,False
2017-12-12 00:00:00,Quezon City,15.3,2.2,23.1,43.0,0,False
2017-12-12 00:00:00,Marikina,2.3,0.7,11.6,15.0,0,False
2017-12-12 00:00:00,Manila,8.1,0.5,16.7,5.0,0,False
2017-12-12 00:00:00,Pasig,3.5,0.5,8.4,5.0,0,False
2017-12-13 00:00:00,Quezon City,3.7,0.5,9.2,43.0,0,False
2017-12-13 00:00:00,Marikina,3.9,0.7,7.8,15.0,0,False
2017-12-13 00:00:00,Manila,5.3,2.1,9.2,5.0,0,False
2017-12-13 00:00:00,Pasig,1.7,0.5,6.8,5.0,0,False
2017-12-14 00:00:00,Quezon City,8.1,1.2,11.4,43.0,0,False
2017-12-14 00:00:00,Marikina,4.2,0.5,20.2,15.0,0,False
2017-12-14 00:00:00,Manila,24.7,0.7,21.1,5.0,0,False
2017-12-14 00:00:00,Pasig,9.0,0.7,9.3,5.0,0,False
2017-12-15 00:00:00,Quezon City,6.0,0.8,22.3,43.0,0,False
2017-12-15 00:00:00,Marikina,8.6,0.5,17.7,15.0,0,False
2017-12-15 00:00:00,Manila,0.4,0.5,13.5,5.0,0,False
2017-12-15 00:00:00,Pasig,3.1,1.5,16.1,5.0,0,False
2017-12-16 00:00:00,Quezon City,4.8,2.0,16.4,43.0,0,False
2017-12-16 00:00:00,Marikina,7.1,1.0,17.8,15.0,0,False
2017-12-16 00:00:00,Manila,4.7,1.8,11.6,5.0,0,False
2017-12-16 00:00:00,Pasig,2.8,0.5,5.0,5.0,0,False
2017-12-17 00:00:00,Quezon City,4.4,0.7,13.7,43.0,0,False
2017-12-17 00:00:00,Marikina,12.7,0.5,19.5,15.0,0,False
2017-12-17 00:00:00,Manila,12.9,1.4,18.8,5.0,0,False
2017-12-17 00:00:00,Pasig,14.1,1.7,12.2,5.0,0,False
2017-12-18 00:00:00,Quezon City,14.2,1.5,14.2,43.0,0,False
2017-12-18 00:00:00,Marikina,19.3,2.5,17.6,15.0,0,False
2017-12-18 00:00:00,Manila,16.0,2.4,19.0,5.0,0,False
2017-12-18 00:00:00,Pasig,13.0,2.1,16.0,5.0,0,False
2017-12-19 00:00:00,Quezon City,5.1,0.5,10.4,43.0,0,False
2017-12-19 00:00:00,Marikina,18.0,2.2,13.1,15.0,0,False
2017-12-19 00:00:00,Manila,17.8,1.3,22.7,5.0,0,False
2017-12-19 00:00:00,Pasig,6.7,0.5,14.4,5.0,0,False
2017-12-20 00:00:00,Quezon City,7.5,0.5,9.9,43.0,0,False
2017-12-20 00:00:00,Marikina,9.9,2.3,8.3,15.0,0,False
2017-12-20 00:00:00,Manila,12.5,0.5,8.1,5.0,0,False
2017-12-20 00:00:00,Pasig,9.0,1.1,16.3,5.0,0,False
2017-12-21 00:00:00,Quezon City,5.0,0.5,15.4,43.0,0,False
2017-12-21 00:00:00,Marikina,7.2,0.5,9.2,15.0,0,False
2017-12-21 00:00:00,Manila,7.6,0.5,16.0,5.0,0,False
2017-12-21 00:00:00,Pasig,6.2,0.5,13.9,5.0,0,False
2017-12-22 00:00:00,Quezon City,5.5,1.4,7.1,43.0,0,False
2017-12-22 00:00:00,Marikina,7.4,0.5,21.0,15.0,0,False
2017-12-22 00:00:00,Manila,7.2,0.5,24.5,5.0,0,False
2017-12-22 00:00:00,Pasig,14.1,1.4,19.0,5.0,0,False
2017-12-23 00:00:00,Quezon City,14.9,1.8,13.7,43.0,0,False
2017-12-23 00:00:00,Marikina,6.3,0.5,7.2,15.0,0,False
2017-12-23 00:00:00,Manila,1.3,0.5,15.7,5.0,0,False
2017-12-23 00:00:00,Pasig,3.8,0.8,10.4,5.0,0,False
2017-12-24 00:00:00,Quezon City,21.9,2.8,23.0,43.0,0,False
2017-12-24 00:00:00,Marikina,0.4,0.5,6.9,15.0,0,False
2017-12-24 00:00:00,Manila,5.2,2.1,7.3,5.0,0,False
2017-12-24 00:00:00,Pasig,3.3,0.5,14.3,5.0,0,False
2017-12-25 00:00:00,Quezon City,20.1,2.0,19.9,43.0,0,False
2017-12-25 00:00:00,Marikina,12.2,1.5,18.6,15.0,0,False
2017-12-25 00:00:00,Manila,7.9,1.0,14.8,5.0,0,False
2017-12-25 00:00:00,Pasig,2.1,0.5,13.9,5.0,0,False
2017-12-26 00:00:00,Quezon City,11.0,0.7,10.5,43.0,0,False
2017-12-26 00:00:00,Marikina,4.3,0.5,14.8,15.0,0,False
2017-12-26 00:00:00,Manila,7.1,1.3,6.9,5.0,0,False
2017-12-26 00:00:00,Pasig,8.7,0.8,16.6,5.0,0,False
2017-12-27 00:00:00,Quezon City,17.6,2.1,23.7,43.0,0,False
2017-12-27 00:00:00,Marikina,13.0,0.5,11.4,15.0,0,False
2017-12-27 00:00:00,Manila,4.6,1.2,17.2,5.0,0,False
2017-12-27 00:00:00,Pasig,5.2,1.7,14.4,5.0,0,False
2017-12-28 00:00:00,Quezon City,9.6,0.5,8.1,43.0,0,False
2017-12-28 00:00:00,Marikina,2.3,1.7,5.3,15.0,0,False
2017-12-28 00:00:00,Manila,2.4,1.2,17.9,5.0,0,False
2017-12-28 00:00:00,Pasig,17.7,2.7,12.5,5.0,0,False
2017-12-29 00:00:00,Quezon City,7.9,2.6,11.9,43.0,0,False
2017-12-29 00:00:00,Marikina,6.6,0.5,11.3,15.0,0,False
2017-12-29 00:00:00,Manila,13.3,1.7,25.7,5.0,0,False
2017-12-29 00:00:00,Pasig,26.7,2.9,34.7,5.0,0,False
2017-12-30 00:00:00,Quezon City,2.5,0.7,16.1,43.0,0,False
2017-12-30 00:00:00,Marikina,3.4,0.5,5.8,15.0,0,False
2017-12-30 00:00:00,Manila,13.4,2.4,19.3,5.0,0,False
2017-12-30 00:00:00,Pasig,10.4,1.2,13.4,5.0,0,False
2017-12-31 00:00:00,Quezon City,5.8,0.5,10.6,43.0,0,False
2017-12-31 00:00:00,Marikina,16.6,1.3,21.0,15.0,0,False
2017-12-31 00:00:00,Manila,14.3,1.1,16.3,5.0,0,False
2017-12-31 00:00:00,Pasig,6.7,1.5,10.3,5.0,0,False
2018-01-01 00:00:00,Quezon City,1.0,0.5,12.9,43.0,0,False
2018-01-01 00:00:00,Marikina,15.7,1.6,10.6,15.0,0,False
2018-01-01 00:00:00,Manila,4.5,0.5,14.5,5.0,0,False
2018-01-01 00:00:00,Pasig,11.9,1.5,24.3,5.0,0,False
2018-01-02 00:00:00,Quezon City,11.2,2.2,18.1,43.0,0,False
2018-01-02 00:00:00,Marikina,17.7,1.5,18.2,15.0,0,False
2018-01-02 00:00:00,Manila,16.2,0.5,17.7,5.0,0,False
2018-01-02 00:00:00,Pasig,15.2,2.8,5.0,5.0,0,False
2018-01-03 00:00:00,Quezon City,43.7,3.8,33.4,43.0,1,False
2018-01-03 00:00:00,Marikina,9.6,1.0,14.1,15.0,0,False
2018-01-03 00:00:00,Manila,1.3,0.5,11.5,5.0,0,False
2018-01-03 00:00:00,Pasig,7.0,0.5,19.2,5.0,0,False
2018-01-04 00:00:00,Quezon City,19.8,1.7,19.5,43.0,0,False
2018-01-04 00:00:00,Marikina,12.0,0.9,22.2,15.0,0,False
2018-01-04 00:00:00,Manila,19.7,2.0,19.3,5.0,0,False
2018-01-04 00:00:00,Pasig,1.0,0.5,8.2,5.0,0,False
2018-01-05 00:00:00,Quezon City,5.2,2.0,9.7,43.0,0,False
2018-01-05 00:00:00,Marikina,8.0,1.6,15.4,15.0,0,False
2018-01-05 00:00:00,Manila,17.6,1.3,25.0,5.0,0,False
2018-01-05 00:00:00,Pasig,9.7,1.8,11.3,5.0,0,False
2018-01-06 00:00:00,Quezon City,13.8,1.4,20.8,43.0,0,False
2018-01-06 00:00:00,Marikina,7.2,0.5,15.7,15.0,0,False
2018-01-06 00:00:00,Manila,31.1,2.6,23.9,5.0,1,False
2018-01-06 00:00:00,Pasig,5.2,0.5,10.0,5.0,0,False
2018-01-07 00:00:00,Quezon City,4.2,0.5,21.8,43.0,0,False
2018-01-07 00:00:00,Marikina,11.1,2.9,21.4,15.0,0,False
2018-01-07 00:00:00,Manila,1.3,0.5,5.0,5.0,0,False
2018-01-07 00:00:00,Pasig,3.2,0.5,12.7,5.0,0,False
2018-01-08 00:00:00,Quezon City,4.5,0.5,5.0,43.0,0,False
2018-01-08 00:00:00,Marikina,6.6,0.5,12.1,15.0,0,False
2018-01-08 00:00:00,Manila,5.5,0.5,7.1,5.0,0,False
2018-01-08 00:00:00,Pasig,6.4,0.5,12.4,5.0,0,False
2018-01-09 00:00:00,Quezon City,15.7,1.8,19.9,43.0,0,False
2018-01-09 00:00:00,Marikina,8.2,1.5,16.0,15.0,0,False
2018-01-09 00:00:00,Manila,9.3,1.3,22.7,5.0,0,False
2018-01-09 00:00:00,Pasig,10.6,1.7,16.0,5.0,0,False
2018-01-10 00:00:00,Quezon City,4.2,0.8,9.8,43.0,0,False
2018-01-10 00:00:00,Marikina,11.3,0.5,8.5,15.0,0,False
2018-01-10 00:00:00,Manila,9.9,1.8,11.3,5.0,0,False
2018-01-10 00:00:00,Pasig,8.7,0.5,14.0,5.0,0,False
2018-01-11 00:00:00,Quezon City,5.6,1.8,13.0,43.0,0,False
2018-01-11 00:00:00,Marikina,11.6,1.4,22.7,15.0,0,False
2018-01-11 00:00:00,Manila,2.3,1.6,13.8,5.0,0,False
2018-01-11 00:00:00,Pasig,14.3,2.1,17.4,5.0,0,False
2018-01-12 00:00:00,Quezon City,4.7,1.2,13.8,43.0,0,False
2018-01-12 00:00:00,Marikina,16.5,1.7,13.9,15.0,0,False
2018-01-12 00:00:00,Manila,7.0,2.7,16.7,5.0,0,False
2018-01-12 00:00:00,Pasig,4.4,0.5,8.4,5.0,0,False
2018-01-13 00:00:00,Quezon City,10.0,1.9,13.7,43.0,0,False
2018-01-13 00:00:00,Marikina,7.0,0.8,16.4,15.0,0,False
2018-01-13 00:00:00,Manila,11.8,0.5,15.8,5.0,0,False
2018-01-13 00:00:00,Pasig,5.5,1.3,17.0,5.0,0,False
2018-01-14 00:00:00,Quezon City,12.9,1.6,15.0,43.0,0,False
2018-01-14 00:00:00,Marikina,7.0,0.5,16.1,15.0,0,False
2018-01-14 00:00:00,Manila,4.0,0.5,8.5,5.0,0,False
2018-01-14 00:00:00,Pasig,8.6,0.5,13.5,5.0,0,False
2018-01-15 00:00:00,Quezon City,4.9,0.5,7.0,43.0,0,False
2018-01-15 00:00:00,Marikina,13.8,2.9,13.0,15.0,0,False
2018-01-15 00:00:00,Manila,6.5,2.3,20.9,5.0,0,False
2018-01-15 00:00:00,Pasig,6.4,0.5,13.4,5.0,0,False
2018-01-16 00:00:00,Quezon City,8.1,1.4,11.5,43.0,0,False
2018-01-16 00:00:00,Marikina,7.2,0.5,12.4,15.0,0,False
2018-01-16 00:00:00,Manila,2.9,0.9,9.6,5.0,0,False
2018-01-16 00:00:00,Pasig,8.1,1.2,12.7,5.0,0,False
2018-01-17 00:00:00,Quezon City,0.7,1.1,10.1,43.0,0,False
2018-01-17 00:00:00,Marikina,5.7,0.6,14.7,15.0,0,False
2018-01-17 00:00:00,Manila,8.2,1.2,10.5,5.0,0,False
2018-01-17 00:00:00,Pasig,3.2,1.1,9.7,5.0,0,False
2018-01-18 00:00:00,Quezon City,16.2,1.0,9.7,43.0,0,False
2018-01-18 00:00:00,Marikina,1.6,0.8,23.0,15.0,0,False
2018-01-18 00:00:00,Manila,27.8,3.1,28.0,5.0,0,False
2018-01-18 00:00:00,Pasig,5.5,0.5,9.9,5.0,0,False
2018-01-19 00:00:00,Quezon City,52.7,5.2,35.6,43.0,1,False
2018-01-19 00:00:00,Marikina,4.5,0.5,6.4,15.0,0,False
2018-01-19 00:00:00,Manila,5.7,0.6,20.0,5.0,0,False
2018-01-19 00:00:00,Pasig,13.7,0.5,10.5,5.0,0,False
2018-01-20 00:00:00,Quezon City,8.4,0.7,15.9,43.0,0,False
2018-01-20 00:00:00,Marikina,1.9,0.5,5.0,15.0,0,False
2018-01-20 00:00:00,Manila,4.9,0.8,18.5,5.0,0,False
2018-01-20 00:00:00,Pasig,2.6,1.6,12.4,5.0,0,False
2018-01-21 00:00:00,Quezon City,19.4,1.6,19.4,43.0,0,False
2018-01-21 00:00:00,Marikina,7.0,1.1,16.3,15.0,0,False
2018-01-21 00:00:00,Manila,12.8,0.5,22.7,5.0,0,False
2018-01-21 00:00:00,Pasig,22.7,3.3,27.3,5.0,0,False
2018-01-22 00:00:00,Quezon City,16.7,3.0,18.8,43.0,0,False
2018-01-22 00:00:00,Marikina,5.2,1.3,11.1,15.0,0,False
2018-01-22 00:00:00,Manila,15.1,0.5,16.1,5.0,0,False
2018-01-22 00:00:00,Pasig,9.7,1.3,10.8,5.0,0,False
2018-01-23 00:00:00,Quezon City,10.3,1.9,17.1,43.0,0,False
2018-01-23 00:00:00,Marikina,23.6,0.8,18.6,15.0,0,False
2018-01-23 00:00:00,Manila,16.3,2.4,25.1,5.0,0,False
2018-01-23 00:00:00,Pasig,14.5,2.6,14.0,5.0,0,False
2018-01-24 00:00:00,Quezon City,10.2,0.5,19.7,43.0,0,False
2018-01-24 00:00:00,Marikina,10.0,0.5,22.3,15.0,0,False
2018-01-24 00:00:00,Manila,19.3,0.9,19.2,5.0,0,False
2018-01-24 00:00:00,Pasig,13.6,1.9,19.0,5.0,0,False
2018-01-25 00:00:00,Quezon City,11.4,0.5,5.6,43.0,0,False
2018-01-25 00:00:00,Marikina,9.2,2.5,8.7,15.0,0,False
2018-01-25 00:00:00,Manila,17.3,1.2,18.6,5.0,0,False
2018-01-25 00:00:00,Pasig,11.8,0.5,18.7,5.0,0,False
2018-01-26 00:00:00,Quezon City,16.5,1.9,17.0,43.0,0,False
2018-01-26 00:00:00,Marikina,6.7,0.5,19.4,15.0,0,False
2018-01-26 00:00:00,Manila,7.5,1.3,16.1,5.0,0,False
2018-01-26 00:00:00,Pasig,5.4,0.5,9.7,5.0,0,False
2018-01-27 00:00:00,Quezon City,6.5,0.7,8.4,43.0,0,False
2018-01-27 00:00:00,Marikina,6.6,1.5,13.4,15.0,0,False
2018-01-27 00:00:00,Manila,1.6,0.5,23.4,5.0,0,False
2018-01-27 00:00:00,Pasig,5.0,1.0,5.0,5.0,0,False
2018-01-28 00:00:00,Quezon City,3.0,1.4,12.0,43.0,0,False
2018-01-28 00:00:00,Marikina,1.7,0.5,5.0,15.0,0,False
2018-01-28 00:00:00,Manila,13.4,1.8,29.7,5.0,0,False
2018-01-28 00:00:00,Pasig,28.5,3.8,22.5,5.0,0,False
2018-01-29 00:00:00,Quezon City,9.8,0.5,19.4,43.0,0,False
2018-01-29 00:00:00,Marikina,7.2,0.5,24.5,15.0,0,False
2018-01-29 00:00:00,Manila,4.4,0.5,9.1,5.0,0,False
2018-01-29 00:00:00,Pasig,21.9,2.6,33.1,5.0,0,False
2018-01-30 00:00:00,Quezon City,16.4,2.4,19.1,43.0,0,False
2018-01-30 00:00:00,Marikina,7.3,0.7,15.5,15.0,0,False
2018-01-30 00:00:00,Manila,22.4,1.4,6.4,5.0,0,False
2018-01-30 00:00:00,Pasig,15.6,1.5,23.5,5.0,0,False
2018-01-31 00:00:00,Quezon City,9.7,1.7,19.8,43.0,0,False
2018-01-31 00:00:00,Marikina,15.1,0.8,6.9,15.0,0,False
2018-01-31 00:00:00,Manila,21.8,1.7,26.4,5.0,0,False
2018-01-31 00:00:00,Pasig,14.8,0.9,25.1,5.0,0,False
2018-02-01 00:00:00,Quezon City,9.0,1.4,10.7,43.0,0,False
2018-02-01 00:00:00,Marikina,16.3,0.5,17.7,15.0,0,False
2018-02-01 00:00:00,Manila,1.7,0.5,10.9,5.0,0,False
2018-02-01 00:00:00,Pasig,1.0,0.5,10.6,5.0,0,False
2018-02-02 00:00:00,Quezon City,3.0,0.5,6.7,43.0,0,False
2018-02-02 00:00:00,Marikina,3.0,0.8,17.4,15.0,0,False
2018-02-02 00:00:00,Manila,17.8,3.5,5.0,5.0,0,False
2018-02-02 00:00:00,Pasig,4.9,0.5,19.9,5.0,0,False
2018-02-03 00:00:00,Quezon City,5.5,0.5,7.7,43.0,0,False
2018-02-03 00:00:00,Marikina,4.8,1.1,15.4,15.0,0,False
2018-02-03 00:00:00,Manila,1.6,1.1,18.5,5.0,0,False
2018-02-03 00:00:00,Pasig,15.1,1.4,23.2,5.0,0,False
2018-02-04 00:00:00,Quezon City,29.1,2.4,24.8,43.0,0,False
2018-02-04 00:00:00,Marikina,14.4,0.7,19.1,15.0,0,False
2018-02-04 00:00:00,Manila,4.0,0.5,20.7,5.0,0,False
2018-02-04 00:00:00,Pasig,6.3,0.5,20.3,5.0,0,False
2018-02-05 00:00:00,Quezon City,12.2,1.4,22.9,43.0,0,False
2018-02-05 00:00:00,Marikina,11.7,1.7,13.3,15.0,0,False
2018-02-05 00:00:00,Manila,3.3,0.5,23.9,5.0,0,False
2018-02-05 00:00:00,Pasig,16.2,3.6,16.4,5.0,0,False
2018-02-06 00:00:00,Quezon City,2.7,0.5,12.0,43.0,0,False
2018-02-06 00:00:00,Marikina,7.0,1.3,17.9,15.0,0,False
2018-02-06 00:00:00,Manila,11.3,1.0,5.0,5.0,0,False
2018-02-06 00:00:00,Pasig,7.2,2.2,16.8,5.0,0,False
2018-02-07 00:00:00,Quezon City,3.7,1.7,10.5,43.0,0,False
2018-02-07 00:00:00,Marikina,4.2,0.7,14.2,15.0,0,False
2018-02-07 00:00:00,Manila,8.8,1.1,18.5,5.0,0,False
2018-02-07 00:00:00,Pasig,7.7,0.5,12.9,5.0,0,False
2018-02-08 00:00:00,Quezon City,8.4,0.5,8.8,43.0,0,False
2018-02-08 00:00:00,Marikina,7.1,1.2,16.4,15.0,0,False
2018-02-08 00:00:00,Manila,19.9,1.7,16.6,5.0,0,False
2018-02-08 00:00:00,Pasig,6.8,0.5,13.0,5.0,0,False
2018-02-09 00:00:00,Quezon City,1.2,0.5,8.4,43.0,0,False
2018-02-09 00:00:00,Marikina,5.5,1.2,20.8,15.0,0,False
2018-02-09 00:00:00,Manila,1.8,0.6,18.4,5.0,0,False
2018-02-09 00:00:00,Pasig,10.6,0.5,21.9,5.0,0,False
2018-02-10 00:00:00,Quezon City,1.2,0.5,6.8,43.0,0,False
2018-02-10 00:00:00,Marikina,8.1,0.5,14.4,15.0,0,False
2018-02-10 00:00:00,Manila,2.1,0.5,12.1,5.0,0,False
2018-02-10 00:00:00,Pasig,15.4,3.1,16.3,5.0,0,False
2018-02-11 00:00:00,Quezon City,13.2,0.5,20.1,43.0,0,False
2018-02-11 00:00:00,Marikina,11.6,2.4,19.4,15.0,0,False
2018-02-11 00:00:00,Manila,3.0,0.7,15.6,5.0,0,False
2018-02-11 00:00:00,Pasig,23.4,1.7,18.9,5.0,0,False
2018-02-12 00:00:00,Quezon City,11.5,2.2,7.7,43.0,0,False
2018-02-12 00:00:00,Marikina,7.7,0.9,23.2,15.0,0,False
2018-02-12 00:00:00,Manila,12.8,1.0,11.5,5.0,0,False
2018-02-12 00:00:00,Pasig,9.7,0.5,20.0,5.0,0,False
2018-02-13 00:00:00,Quezon City,0.6,0.5,9.2,43.0,0,False
2018-02-13 00:00:00,Marikina,14.0,0.5,14.2,15.0,0,False
2018-02-13 00:00:00,Manila,6.9,2.0,18.6,5.0,0,False
2018-02-13 00:00:00,Pasig,15.5,0.5,16.9,5.0,0,False
2018-02-14 00:00:00,Quezon City,7.9,0.7,5.0,43.0,0,False
2018-02-14 00:00:00,Marikina,8.6,0.7,22.7,15.0,0,False
2018-02-14 00:00:00,Manila,11.3,0.8,11.3,5.0,0,False
2018-02-14 00:00:00,Pasig,8.1,0.5,13.1,5.0,0,False
2018-02-15 00:00:00,Quezon City,10.4,0.5,12.1,43.0,0,False
2018-02-15 00:00:00,Marikina,10.6,1.1,13.6,15.0,0,False
2018-02-15 00:00:00,Manila,8.6,0.5,18.1,5.0,0,False
2018-02-15 00:00:00,Pasig,7.0,2.7,11.7,5.0,0,False
2018-02-16 00:00:00,Quezon City,3.7,0.6,10.5,43.0,0,False
2018-02-16 00:00:00,Marikina,3.3,0.5,14.8,15.0,0,False
2018-02-16 00:00:00,Manila,0.6,0.5,5.4,5.0,0,False
2018-02-16 00:00:00,Pasig,7.8,0.7,10.5,5.0,0,False
2018-02-17 00:00:00,Quezon City,10.1,2.7,8.5,43.0,0,False
2018-02-17 00:00:00,Marikina,1.5,1.0,14.6,15.0,0,False
2018-02-17 00:00:00,Manila,12.6,2.6,13.8,5.0,0,False
2018-02-17 00:00:00,Pasig,28.3,3.1,36.3,5.0,0,False
2018-02-18 00:00:00,Quezon City,5.0,1.6,8.3,43.0,0,False
2018-02-18 00:00:00,Marikina,7.7,1.0,12.0,15.0,0,False
2018-02-18 00:00:00,Manila,14.6,3.2,14.4,5.0,0,False
2018-02-18 00:00:00,Pasig,16.4,2.0,22.2,5.0,0,False
2018-02-19 00:00:00,Quezon City,4.8,0.5,22.5,43.0,0,False
2018-02-19 00:00:00,Marikina,12.6,0.6,9.0,15.0,0,False
2018-02-19 00:00:00,Manila,1.1,0.5,8.5,5.0,0,False
2018-02-19 00:00:00,Pasig,4.0,0.8,9.5,5.0,0,False
2018-02-20 00:00:00,Quezon City,2.4,1.3,7.0,43.0,0,False
2018-02-20 00:00:00,Marikina,8.4,1.0,14.4,15.0,0,False
2018-02-20 00:00:00,Manila,1.2,1.7,11.0,5.0,0,False
2018-02-20 00:00:00,Pasig,11.1,1.5,5.0,5.0,0,False
2018-02-21 00:00:00,Quezon City,8.6,0.5,9.5,43.0,0,False
2018-02-21 00:00:00,Marikina,4.7,2.6,5.5,15.0,0,False
2018-02-21 00:00:00,Manila,13.4,1.1,10.1,5.0,0,False
2018-02-21 00:00:00,Pasig,6.5,1.5,13.6,5.0,0,False
2018-02-22 00:00:00,Quezon City,25.0,1.0,19.9,43.0,0,False
2018-02-22 00:00:00,Marikina,6.0,1.3,8.3,15.0,0,False
2018-02-22 00:00:00,Manila,9.7,0.5,14.3,5.0,0,False
2018-02-22 00:00:00,Pasig,18.4,0.5,9.8,5.0,0,False
2018-02-23 00:00:00,Quezon City,6.2,1.4,11.1,43.0,0,False
2018-02-23 00:00:00,Marikina,4.8,0.5,12.5,15.0,0,False
2018-02-23 00:00:00,Manila,13.0,1.8,12.9,5.0,0,False
2018-02-23 00:00:00,Pasig,5.4,1.0,17.5,5.0,0,False
2018-02-24 00:00:00,Quezon City,3.0,0.5,23.7,43.0,0,False
2018-02-24 00:00:00,Marikina,5.2,0.5,12.0,15.0,0,False
2018-02-24 00:00:00,Manila,19.9,0.5,16.4,5.0,0,False
2018-02-24 00:00:00,Pasig,6.1,0.5,14.7,5.0,0,False
2018-02-25 00:00:00,Quezon City,7.7,1.6,17.9,43.0,0,False
2018-02-25 00:00:00,Marikina,17.3,1.3,23.7,15.0,0,False
2018-02-25 00:00:00,Manila,17.4,1.9,24.3,5.0,0,False
2018-02-25 00:00:00,Pasig,9.3,2.5,7.8,5.0,0,False
2018-02-26 00:00:00,Quezon City,8.3,2.4,15.6,43.0,0,False
2018-02-26 00:00:00,Marikina,2.8,0.5,14.8,15.0,0,False
2018-02-26 00:00:00,Manila,10.8,1.8,13.7,5.0,0,False
2018-02-26 00:00:00,Pasig,4.2,1.2,15.6,5.0,0,False
2018-02-27 00:00:00,Quezon City,10.4,0.5,7.7,43.0,0,False
2018-02-27 00:00:00,Marikina,8.2,1.5,22.5,15.0,0,False
2018-02-27 00:00:00,Manila,19.4,1.7,20.2,5.0,0,False
2018-02-27 00:00:00,Pasig,1.4,1.7,6.7,5.0,0,False
2018-02-28 00:00:00,Quezon City,14.5,0.5,19.9,43.0,0,False
2018-02-28 00:00:00,Marikina,10.8,0.8,15.4,15.0,0,False
2018-02-28 00:00:00,Manila,13.4,1.9,17.8,5.0,0,False
2018-02-28 00:00:00,Pasig,21.2,1.2,12.4,5.0,0,False
2018-03-01 00:00:00,Quezon City,7.4,0.5,19.3,43.0,0,False
2018-03-01 00:00:00,Marikina,6.1,2.6,12.3,15.0,0,False
2018-03-01 00:00:00,Manila,9.1,1.7,12.9,5.0,0,False
2018-03-01 00:00:00,Pasig,12.3,1.9,14.5,5.0,0,False
2018-03-02 00:00:00,Quezon City,9.5,0.7,17.2,43.0,0,False
2018-03-02 00:00:00,Marikina,1.6,0.5,12.2,15.0,0,False
2018-03-02 00:00:00,Manila,15.6,0.5,14.8,5.0,0,False
2018-03-02 00:00:00,Pasig,3.3,0.6,21.4,5.0,0,False
2018-03-03 00:00:00,Quezon City,3.3,1.2,13.5,43.0,0,False
2018-03-03 00:00:00,Marikina,3.8,0.5,6.1,15.0,0,False
2018-03-03 00:00:00,Manila,10.9,2.2,23.5,5.0,0,False
2018-03-03 00:00:00,Pasig,3.0,0.5,9.9,5.0,0,False
2018-03-04 00:00:00,Quezon City,0.7,0.5,9.0,43.0,0,False
2018-03-04 00:00:00,Marikina,13.6,2.1,17.3,15.0,0,False
2018-03-04 00:00:00,Manila,4.8,1.3,13.3,5.0,0,False
2018-03-04 00:00:00,Pasig,23.0,2.4,24.8,5.0,0,False
2018-03-05 00:00:00,Quezon City,2.7,0.5,5.0,43.0,0,False
2018-03-05 00:00:00,Marikina,1.0,1.0,8.9,15.0,0,False
2018-03-05 00:00:00,Manila,1.0,0.5,10.5,5.0,0,False
2018-03-05 00:00:00,Pasig,7.7,0.5,6.9,5.0,0,False
2018-03-06 00:00:00,Quezon City,9.6,0.5,7.7,43.0,0,False
2018-03-06 00:00:00,Marikina,11.6,2.5,21.2,15.0,0,False
2018-03-06 00:00:00,Manila,14.1,1.6,13.8,5.0,0,False
2018-03-06 00:00:00,Pasig,4.0,1.0,12.1,5.0,0,False
2018-03-07 00:00:00,Quezon City,8.7,1.4,7.8,43.0,0,False
2018-03-07 00:00:00,Marikina,22.0,2.5,24.8,15.0,0,False
2018-03-07 00:00:00,Manila,10.5,0.5,21.7,5.0,0,False
2018-03-07 00:00:00,Pasig,2.2,0.5,11.1,5.0,0,False
2018-03-08 00:00:00,Quezon City,2.1,0.5,9.2,43.0,0,False
2018-03-08 00:00:00,Marikina,8.7,1.0,15.0,15.0,0,False
2018-03-08 00:00:00,Manila,11.9,2.5,12.9,5.0,0,False
2018-03-08 00:00:00,Pasig,2.3,0.5,10.7,5.0,0,False
2018-03-09 00:00:00,Quezon City,9.8,0.9,10.6,43.0,0,False
2018-03-09 00:00:00,Marikina,7.4,0.9,10.9,15.0,0,False
2018-03-09 00:00:00,Manila,18.6,2.8,22.5,5.0,0,False
2018-03-09 00:00:00,Pasig,23.0,3.0,36.2,5.0,0,False
2018-03-10 00:00:00,Quezon City,10.1,0.7,17.3,43.0,0,False
2018-03-10 00:00:00,Marikina,15.9,0.5,11.5,15.0,0,False
2018-03-10 00:00:00,Manila,25.6,3.7,26.9,5.0,0,False
2018-03-10 00:00:00,Pasig,2.5,0.5,14.8,5.0,0,False
2018-03-11 00:00:00,Quezon City,20.9,1.5,26.0,43.0,0,False
2018-03-11 00:00:00,Marikina,1.9,0.5,11.7,15.0,0,False
2018-03-11 00:00:00,Manila,3.9,0.6,5.0,5.0,0,False
2018-03-11 00:00:00,Pasig,7.3,1.7,7.7,5.0,0,False
2018-03-12 00:00:00,Quezon City,9.6,0.5,16.2,43.0,0,False
2018-03-12 00:00:00,Marikina,29.9,1.7,22.6,15.0,0,False
2018-03-12 00:00:00,Manila,5.7,0.5,11.2,5.0,0,False
2018-03-12 00:00:00,Pasig,5.7,0.6,6.3,5.0,0,False
2018-03-13 00:00:00,Quezon City,7.0,2.0,18.4,43.0,0,False
2018-03-13 00:00:00,Marikina,6.3,1.1,10.0,15.0,0,False
2018-03-13 00:00:00,Manila,13.4,1.3,17.8,5.0,0,False
2018-03-13 00:00:00,Pasig,19.8,2.6,21.9,5.0,0,False
2018-03-14 00:00:00,Quezon City,4.8,2.4,15.2,43.0,0,False
2018-03-14 00:00:00,Marikina,24.0,3.3,24.2,15.0,0,False
2018-03-14 00:00:00,Manila,6.3,1.0,22.3,5.0,0,False
2018-03-14 00:00:00,Pasig,18.4,1.6,18.0,5.0,0,False
2018-03-15 00:00:00,Quezon City,25.1,2.8,27.3,43.0,0,False
2018-03-15 00:00:00,Marikina,2.8,0.5,5.0,15.0,0,False
2018-03-15 00:00:00,Manila,24.8,2.6,18.0,5.0,0,False
2018-03-15 00:00:00,Pasig,12.0,2.1,19.4,5.0,0,False
2018-03-16 00:00:00,Quezon City,7.3,1.2,16.1,43.0,0,False
2018-03-16 00:00:00,Marikina,6.1,1.4,11.4,15.0,0,False
2018-03-16 00:00:00,Manila,4.5,1.3,7.6,5.0,0,False
2018-03-16 00:00:00,Pasig,9.7,0.5,14.6,5.0,0,False
2018-03-17 00:00:00,Quezon City,3.7,0.5,5.0,43.0,0,False
2018-03-17 00:00:00,Marikina,15.8,1.7,20.7,15.0,0,False
2018-03-17 00:00:00,Manila,6.2,1.6,20.8,5.0,0,False
2018-03-17 00:00:00,Pasig,12.2,0.6,13.6,5.0,0,False
2018-03-18 00:00:00,Quezon City,16.0,2.2,16.7,43.0,0,False
2018-03-18 00:00:00,Marikina,14.1,1.1,20.4,15.0,0,False
2018-03-18 00:00:00,Manila,5.9,0.5,15.6,5.0,0,False
2018-03-18 00:00:00,Pasig,4.0,1.6,12.3,5.0,0,False
2018-03-19 00:00:00,Quezon City,8.8,3.3,14.0,43.0,0,False
2018-03-19 00:00:00,Marikina,4.7,0.5,10.5,15.0,0,False
2018-03-19 00:00:00,Manila,1.7,2.4,17.0,5.0,0,False
2018-03-19 00:00:00,Pasig,20.3,2.0,16.3,5.0,0,False
2018-03-20 00:00:00,Quezon City,4.8,0.5,5.8,43.0,0,False
2018-03-20 00:00:00,Marikina,14.2,1.5,20.5,15.0,0,False
2018-03-20 00:00:00,Manila,0.5,0.5,14.6,5.0,0,False
2018-03-20 00:00:00,Pasig,4.0,0.9,5.0,5.0,0,False
2018-03-21 00:00:00,Quezon City,9.9,0.8,22.5,43.0,0,False
2018-03-21 00:00:00,Marikina,5.3,0.5,13.5,15.0,0,False
2018-03-21 00:00:00,Manila,5.3,0.5,7.9,5.0,0,False
2018-03-21 00:00:00,Pasig,2.7,0.7,15.7,5.0,0,False
2018-03-22 00:00:00,Quezon City,1.3,0.5,9.5,43.0,0,False
2018-03-22 00:00:00,Marikina,20.4,1.3,27.9,15.0,0,False
2018-03-22 00:00:00,Manila,2.3,0.5,12.7,5.0,0,False
2018-03-22 00:00:00,Pasig,9.9,0.5,18.3,5.0,0,False
2018-03-23 00:00:00,Quezon City,14.9,3.5,13.2,43.0,0,False
2018-03-23 00:00:00,Marikina,4.2,0.5,6.1,15.0,0,False
2018-03-23 00:00:00,Manila,7.1,0.5,11.4,5.0,0,False
2018-03-23 00:00:00,Pasig,15.4,1.5,16.2,5.0,0,False
2018-03-24 00:00:00,Quezon City,3.2,2.5,5.0,43.0,0,False
2018-03-24 00:00:00,Marikina,3.5,0.5,10.9,15.0,0,False
2018-03-24 00:00:00,Manila,6.6,1.4,20.9,5.0,0,False
2018-03-24 00:00:00,Pasig,22.0,2.5,15.8,5.0,0,False
2018-03-25 00:00:00,Quezon City,11.1,0.7,14.4,43.0,0,False
2018-03-25 00:00:00,Marikina,12.3,1.4,7.3,15.0,0,False
2018-03-25 00:00:00,Manila,6.5,0.5,7.9,5.0,0,False
2018-03-25 00:00:00,Pasig,10.4,1.7,22.0,5.0,0,False
2018-03-26 00:00:00,Quezon City,8.3,1.0,17.7,43.0,0,False
2018-03-26 00:00:00,Marikina,3.1,1.9,5.0,15.0,0,False
2018-03-26 00:00:00,Manila,13.2,0.5,15.7,5.0,0,False
2018-03-26 00:00:00,Pasig,12.1,1.0,11.0,5.0,0,False
2018-03-27 00:00:00,Quezon City,10.3,2.2,14.5,43.0,0,False
2018-03-27 00:00:00,Marikina,8.3,0.9,11.9,15.0,0,False
2018-03-27 00:00:00,Manila,9.9,1.1,11.0,5.0,0,False
2018-03-27 00:00:00,Pasig,6.2,0.7,17.3,5.0,0,False
2018-03-28 00:00:00,Quezon City,6.6,0.6,17.7,43.0,0,False
2018-03-28 00:00:00,Marikina,8.4,1.4,11.6,15.0,0,False
2018-03-28 00:00:00,Manila,4.5,1.8,6.9,5.0,0,False
2018-03-28 00:00:00,Pasig,14.2,2.6,17.2,5.0,0,False
2018-03-29 00:00:00,Quezon City,8.3,0.5,10.6,43.0,0,False
2018-03-29 00:00:00,Marikina,13.7,1.2,18.5,15.0,0,False
2018-03-29 00:00:00,Manila,5.4,0.5,8.4,5.0,0,False
2018-03-29 00:00:00,Pasig,6.4,0.5,11.9,5.0,0,False
2018-03-30 00:00:00,Quezon City,5.9,0.8,11.8,43.0,0,False
2018-03-30 00:00:00,Marikina,6.5,1.9,19.0,15.0,0,False
2018-03-30 00:00:00,Manila,10.4,0.5,13.0,5.0,0,False
2018-03-30 00:00:00,Pasig,8.4,0.5,14.2,5.0,0,False
2018-03-31 00:00:00,Quezon City,7.6,0.7,11.7,43.0,0,False
2018-03-31 00:00:00,Marikina,3.0,0.5,9.3,15.0,0,False
2018-03-31 00:00:00,Manila,16.8,1.9,13.0,5.0,0,False
2018-03-31 00:00:00,Pasig,10.6,1.0,7.0,5.0,0,False
2018-04-01 00:00:00,Quezon City,29.4,1.8,18.5,43.0,0,False
2018-04-01 00:00:00,Marikina,10.8,4.0,13.4,15.0,0,False
2018-04-01 00:00:00,Manila,2.7,0.5,18.4,5.0,0,False
2018-04-01 00:00:00,Pasig,1.7,0.9,13.4,5.0,0,False
2018-04-02 00:00:00,Quezon City,0.8,0.5,17.7,43.0,0,False
2018-04-02 00:00:00,Marikina,8.5,0.7,18.0,15.0,0,False
2018-04-02 00:00:00,Manila,18.2,1.5,17.3,5.0,0,False
2018-04-02 00:00:00,Pasig,15.2,1.9,19.4,5.0,0,False
2018-04-03 00:00:00,Quezon City,31.9,4.9,27.0,43.0,1,False
2018-04-03 00:00:00,Marikina,23.0,2.9,29.9,15.0,0,False
2018-04-03 00:00:00,Manila,11.2,1.0,16.8,5.0,0,False
2018-04-03 00:00:00,Pasig,1.9,0.6,5.0,5.0,0,False
2018-04-04 00:00:00,Quezon City,7.6,1.1,12.1,43.0,0,False
2018-04-04 00:00:00,Marikina,8.5,0.7,23.9,15.0,0,False
2018-04-04 00:00:00,Manila,7.4,2.6,8.9,5.0,0,False
2018-04-04 00:00:00,Pasig,8.7,0.5,17.1,5.0,0,False
2018-04-05 00:00:00,Quezon City,2.0,1.7,10.0,43.0,0,False
2018-04-05 00:00:00,Marikina,5.5,0.5,18.7,15.0,0,False
2018-04-05 00:00:00,Manila,1.3,0.5,17.6,5.0,0,False
2018-04-05 00:00:00,Pasig,15.9,2.0,25.5,5.0,0,False
2018-04-06 00:00:00,Quezon City,9.4,1.6,22.8,43.0,0,False
2018-04-06 00:00:00,Marikina,11.8,1.1,13.9,15.0,0,False
2018-04-06 00:00:00,Manila,3.8,0.5,10.2,5.0,0,False
2018-04-06 00:00:00,Pasig,7.9,0.5,16.5,5.0,0,False
2018-04-07 00:00:00,Quezon City,7.6,0.9,14.5,43.0,0,False
2018-04-07 00:00:00,Marikina,4.4,0.9,15.4,15.0,0,False
2018-04-07 00:00:00,Manila,17.0,1.6,19.5,5.0,0,False
2018-04-07 00:00:00,Pasig,9.3,2.5,10.2,5.0,0,False
2018-04-08 00:00:00,Quezon City,0.4,0.5,9.5,43.0,0,False
2018-04-08 00:00:00,Marikina,16.2,1.7,16.3,15.0,0,False
2018-04-08 00:00:00,Manila,4.7,0.5,17.9,5.0,0,False
2018-04-08 00:00:00,Pasig,3.0,0.8,10.6,5.0,0,False
2018-04-09 00:00:00,Quezon City,3.4,0.5,7.9,43.0,0,False
2018-04-09 00:00:00,Marikina,14.2,2.2,33.5,15.0,0,False
2018-04-09 00:00:00,Manila,6.7,2.3,17.7,5.0,0,False
2018-04-09 00:00:00,Pasig,6.1,0.5,12.5,5.0,0,False
2018-04-10 00:00:00,Quezon City,28.1,2.7,19.3,43.0,0,False
2018-04-10 00:00:00,Marikina,3.5,0.5,6.9,15.0,0,False
2018-04-10 00:00:00,Manila,13.6,3.3,21.8,5.0,0,False
2018-04-10 00:00:00,Pasig,25.4,4.6,15.4,5.0,0,False
2018-04-11 00:00:00,Quezon City,6.0,0.8,12.1,43.0,0,False
2018-04-11 00:00:00,Marikina,2.2,1.7,5.0,15.0,0,False
2018-04-11 00:00:00,Manila,18.7,1.8,17.9,5.0,0,False
2018-04-11 00:00:00,Pasig,10.1,0.6,15.8,5.0,0,False
2018-04-12 00:00:00,Quezon City,2.1,0.5,22.0,43.0,0,False
2018-04-12 00:00:00,Marikina,7.4,0.5,5.0,15.0,0,False
2018-04-12 00:00:00,Manila,11.4,1.4,11.6,5.0,0,False
2018-04-12 00:00:00,Pasig,13.2,1.4,13.7,5.0,0,False
2018-04-13 00:00:00,Quezon City,9.6,2.8,17.9,43.0,0,False
2018-04-13 00:00:00,Marikina,10.6,1.7,21.8,15.0,0,False
2018-04-13 00:00:00,Manila,13.7,2.4,20.5,5.0,0,False
2018-04-13 00:00:00,Pasig,3.0,0.5,5.0,5.0,0,False
2018-04-14 00:00:00,Quezon City,18.1,2.2,12.2,43.0,0,False
2018-04-14 00:00:00,Marikina,10.5,0.5,16.2,15.0,0,False
2018-04-14 00:00:00,Manila,3.5,0.5,16.6,5.0,0,False
2018-04-14 00:00:00,Pasig,9.2,0.6,23.0,5.0,0,False
2018-04-15 00:00:00,Quezon City,37.2,3.9,28.7,43.0,1,False
2018-04-15 00:00:00,Marikina,2.2,0.5,19.1,15.0,0,False
2018-04-15 00:00:00,Manila,6.9,0.5,13.9,5.0,0,False
2018-04-15 00:00:00,Pasig,7.2,0.9,11.7,5.0,0,False
2018-04-16 00:00:00,Quezon City,21.4,0.9,19.2,43.0,0,False
2018-04-16 00:00:00,Marikina,11.1,1.7,16.0,15.0,0,False
2018-04-16 00:00:00,Manila,3.0,0.6,17.8,5.0,0,False
2018-04-16 00:00:00,Pasig,9.3,1.4,11.9,5.0,0,False
2018-04-17 00:00:00,Quezon City,9.4,0.5,7.4,43.0,0,False
2018-04-17 00:00:00,Marikina,15.7,2.9,17.0,15.0,0,False
2018-04-17 00:00:00,Manila,12.0,0.8,10.6,5.0,0,False
2018-04-17 00:00:00,Pasig,9.0,0.5,9.4,5.0,0,False
2018-04-18 00:00:00,Quezon City,11.1,0.5,17.3,43.0,0,False
2018-04-18 00:00:00,Marikina,4.4,0.5,23.0,15.0,0,False
2018-04-18 00:00:00,Manila,26.4,3.8,17.3,5.0,0,False
2018-04-18 00:00:00,Pasig,2.1,0.5,7.1,5.0,0,False
2018-04-19 00:00:00,Quezon City,2.8,0.5,5.0,43.0,0,False
2018-04-19 00:00:00,Marikina,5.0,0.5,20.7,15.0,0,False
2018-04-19 00:00:00,Manila,12.3,1.5,8.9,5.0,0,False
2018-04-19 00:00:00,Pasig,9.4,1.1,16.3,5.0,0,False
2018-04-20 00:00:00,Quezon City,12.0,1.4,10.3,43.0,0,False
2018-04-20 00:00:00,Marikina,12.8,0.5,10.0,15.0,0,False
2018-04-20 00:00:00,Manila,0.7,1.0,14.4,5.0,0,False
2018-04-20 00:00:00,Pasig,15.0,0.5,19.0,5.0,0,False
2018-04-21 00:00:00,Quezon City,3.3,0.5,12.5,43.0,0,False
2018-04-21 00:00:00,Marikina,12.7,0.6,17.0,15.0,0,False
2018-04-21 00:00:00,Manila,16.4,2.3,16.0,5.0,0,False
2018-04-21 00:00:00,Pasig,5.8,0.5,12.7,5.0,0,False
2018-04-22 00:00:00,Quezon City,2.6,0.5,15.2,43.0,0,False
2018-04-22 00:00:00,Marikina,4.9,0.5,5.0,15.0,0,False
2018-04-22 00:00:00,Manila,7.9,1.4,7.9,5.0,0,False
2018-04-22 00:00:00,Pasig,35.9,3.9,26.6,5.0,1,False
2018-04-23 00:00:00,Quezon City,9.0,1.8,13.2,43.0,0,False
2018-04-23 00:00:00,Marikina,1.8,0.5,8.3,15.0,0,False
2018-04-23 00:00:00,Manila,11.5,1.3,15.6,5.0,0,False
2018-04-23 00:00:00,Pasig,12.7,0.5,9.0,5.0,0,False
2018-04-24 00:00:00,Quezon City,4.5,0.5,9.1,43.0,0,False
2018-04-24 00:00:00,Marikina,13.4,2.1,21.5,15.0,0,False
2018-04-24 00:00:00,Manila,20.1,3.3,15.7,5.0,0,False
2018-04-24 00:00:00,Pasig,2.8,0.5,15.6,5.0,0,False
2018-04-25 00:00:00,Quezon City,26.5,1.1,26.5,43.0,0,False
2018-04-25 00:00:00,Marikina,30.8,4.0,19.3,15.0,1,False
2018-04-25 00:00:00,Manila,13.0,0.5,21.6,5.0,0,False
2018-04-25 00:00:00,Pasig,17.5,0.5,24.0,5.0,0,False
2018-04-26 00:00:00,Quezon City,1.8,0.5,13.3,43.0,0,False
2018-04-26 00:00:00,Marikina,10.2,2.1,16.3,15.0,0,False
2018-04-26 00:00:00,Manila,6.6,1.5,19.0,5.0,0,False
2018-04-26 00:00:00,Pasig,14.5,1.1,11.5,5.0,0,False
2018-04-27 00:00:00,Quezon City,10.7,1.0,8.9,43.0,0,False
2018-04-27 00:00:00,Marikina,3.8,0.5,15.9,15.0,0,False
2018-04-27 00:00:00,Manila,12.3,1.7,13.8,5.0,0,False
2018-04-27 00:00:00,Pasig,6.9,0.5,10.5,5.0,0,False
2018-04-28 00:00:00,Quezon City,14.0,0.9,16.6,43.0,0,False
2018-04-28 00:00:00,Marikina,22.8,2.6,15.2,15.0,0,False
2018-04-28 00:00:00,Manila,8.4,0.5,6.1,5.0,0,False
2018-04-28 00:00:00,Pasig,7.4,0.5,9.3,5.0,0,False
2018-04-29 00:00:00,Quezon City,4.6,0.5,17.7,43.0,0,False
2018-04-29 00:00:00,Marikina,2.6,1.5,20.9,15.0,0,False
2018-04-29 00:00:00,Manila,1.4,0.5,9.0,5.0,0,False
2018-04-29 00:00:00,Pasig,7.3,1.8,18.7,5.0,0,False
2018-04-30 00:00:00,Quezon City,8.2,0.8,18.1,43.0,0,False
2018-04-30 00:00:00,Marikina,5.1,1.0,14.2,15.0,0,False
2018-04-30 00:00:00,Manila,11.6,2.0,26.1,5.0,0,False
2018-04-30 00:00:00,Pasig,27.1,1.3,20.4,5.0,0,False
2018-05-01 00:00:00,Quezon City,17.0,0.7,27.2,43.0,0,False
2018-05-01 00:00:00,Marikina,2.3,1.8,18.8,15.0,0,False
2018-05-01 00:00:00,Manila,6.5,2.8,14.4,5.0,0,False
2018-05-01 00:00:00,Pasig,3.8,0.5,11.8,5.0,0,False
2018-05-02 00:00:00,Quezon City,6.2,1.0,12.3,43.0,0,False
2018-05-02 00:00:00,Marikina,12.2,2.0,27.0,15.0,0,False
2018-05-02 00:00:00,Manila,15.0,2.0,29.5,5.0,0,False
2018-05-02 00:00:00,Pasig,3.4,0.5,9.0,5.0,0,False
2018-05-03 00:00:00,Quezon City,10.3,1.5,18.6,43.0,0,False
2018-05-03 00:00:00,Marikina,8.4,2.8,11.0,15.0,0,False
2018-05-03 00:00:00,Manila,12.1,0.8,21.2,5.0,0,False
2018-05-03 00:00:00,Pasig,5.5,0.5,9.0,5.0,0,False
2018-05-04 00:00:00,Quezon City,1.9,2.1,6.9,43.0,0,False
2018-05-04 00:00:00,Marikina,5.7,2.0,13.6,15.0,0,False
2018-05-04 00:00:00,Manila,20.0,1.3,27.8,5.0,0,False
2018-05-04 00:00:00,Pasig,9.0,3.1,14.7,5.0,0,False
2018-05-05 00:00:00,Quezon City,9.1,0.5,7.4,43.0,0,False
2018-05-05 00:00:00,Marikina,9.3,1.7,5.4,15.0,0,False
2018-05-05 00:00:00,Manila,5.3,0.6,7.7,5.0,0,False
2018-05-05 00:00:00,Pasig,12.7,1.1,20.7,5.0,0,False
2018-05-06 00:00:00,Quezon City,40.4,4.5,27.2,43.0,1,False
2018-05-06 00:00:00,Marikina,24.0,1.3,23.6,15.0,0,False
2018-05-06 00:00:00,Manila,3.7,1.7,11.7,5.0,0,False
2018-05-06 00:00:00,Pasig,8.7,0.5,19.6,5.0,0,False
2018-05-07 00:00:00,Quezon City,2.4,0.5,15.9,43.0,0,False
2018-05-07 00:00:00,Marikina,3.6,1.0,9.9,15.0,0,False
2018-05-07 00:00:00,Manila,7.4,1.2,27.7,5.0,0,False
2018-05-07 00:00:00,Pasig,2.6,1.1,14.6,5.0,0,False
2018-05-08 00:00:00,Quezon City,10.1,0.5,20.2,43.0,0,False
2018-05-08 00:00:00,Marikina,13.3,0.5,23.7,15.0,0,False
2018-05-08 00:00:00,Manila,18.2,1.7,22.5,5.0,0,False
2018-05-08 00:00:00,Pasig,4.5,0.5,13.3,5.0,0,False
2018-05-09 00:00:00,Quezon City,4.1,2.7,18.6,43.0,0,False
2018-05-09 00:00:00,Marikina,26.5,2.1,22.9,15.0,0,False
2018-05-09 00:00:00,Manila,12.1,2.3,22.3,5.0,0,False
2018-05-09 00:00:00,Pasig,30.2,3.3,24.0,5.0,1,False
2018-05-10 00:00:00,Quezon City,3.0,0.6,11.9,43.0,0,False
2018-05-10 00:00:00,Marikina,24.8,3.3,21.7,15.0,0,False
2018-05-10 00:00:00,Manila,8.2,1.1,13.4,5.0,0,False
2018-05-10 00:00:00,Pasig,4.3,0.5,7.1,5.0,0,False
2018-05-11 00:00:00,Quezon City,2.0,1.1,14.9,43.0,0,False
2018-05-11 00:00:00,Marikina,36.3,4.4,33.3,15.0,1,False
2018-05-11 00:00:00,Manila,2.4,1.1,11.2,5.0,0,False
2018-05-11 00:00:00,Pasig,19.3,2.8,20.5,5.0,0,False
2018-05-12 00:00:00,Quezon City,8.6,1.0,13.8,43.0,0,False
2018-05-12 00:00:00,Marikina,19.0,1.3,19.9,15.0,0,False
2018-05-12 00:00:00,Manila,12.1,1.7,9.9,5.0,0,False
2018-05-12 00:00:00,Pasig,28.8,3.8,23.0,5.0,0,False
2018-05-13 00:00:00,Quezon City,7.3,0.7,10.0,43.0,0,False
2018-05-13 00:00:00,Marikina,21.0,0.5,21.2,15.0,0,False
2018-05-13 00:00:00,Manila,9.5,1.2,20.3,5.0,0,False
2018-05-13 00:00:00,Pasig,10.4,0.5,19.1,5.0,0,False
2018-05-14 00:00:00,Quezon City,15.8,2.4,17.0,43.0,0,False
2018-05-14 00:00:00,Marikina,3.6,0.5,5.0,15.0,0,False
2018-05-14 00:00:00,Manila,4.2,1.6,5.0,5.0,0,False
2018-05-14 00:00:00,Pasig,15.9,1.1,19.3,5.0,0,False
2018-05-15 00:00:00,Quezon City,9.0,2.2,9.5,43.0,0,False
2018-05-15 00:00:00,Marikina,8.9,1.4,19.0,15.0,0,False
2018-05-15 00:00:00,Manila,12.3,1.7,15.8,5.0,0,False
2018-05-15 00:00:00,Pasig,9.7,0.7,12.4,5.0,0,False
2018-05-16 00:00:00,Quezon City,14.3,0.7,17.3,43.0,0,False
2018-05-16 00:00:00,Marikina,5.4,0.5,15.5,15.0,0,False
2018-05-16 00:00:00,Manila,6.9,0.5,14.2,5.0,0,False
2018-05-16 00:00:00,Pasig,32.1,4.4,32.1,5.0,1,False
2018-05-17 00:00:00,Quezon City,10.1,0.5,16.3,43.0,0,False
2018-05-17 00:00:00,Marikina,7.1,1.3,13.9,15.0,0,False
2018-05-17 00:00:00,Manila,13.9,2.0,22.0,5.0,0,False
2018-05-17 00:00:00,Pasig,2.6,0.5,17.2,5.0,0,False
2018-05-18 00:00:00,Quezon City,8.8,0.5,12.2,43.0,0,False
2018-05-18 00:00:00,Marikina,3.0,1.8,7.0,15.0,0,False
2018-05-18 00:00:00,Manila,2.3,0.5,6.3,5.0,0,False
2018-05-18 00:00:00,Pasig,19.1,4.2,25.6,5.0,0,False
2018-05-19 00:00:00,Quezon City,11.2,0.8,8.2,43.0,0,False
2018-05-19 00:00:00,Marikina,8.5,1.4,5.8,15.0,0,False
2018-05-19 00:00:00,Manila,22.4,2.2,23.3,5.0,0,False
2018-05-19 00:00:00,Pasig,1.7,0.7,12.8,5.0,0,False
2018-05-20 00:00:00,Quezon City,35.1,4.4,30.2,43.0,1,False
2018-05-20 00:00:00,Marikina,5.3,0.5,13.7,15.0,0,False
2018-05-20 00:00:00,Manila,5.6,0.5,19.7,5.0,0,False
2018-05-20 00:00:00,Pasig,7.7,0.9,15.5,5.0,0,False
2018-05-21 00:00:00,Quezon City,10.9,0.5,5.0,43.0,0,False
2018-05-21 00:00:00,Marikina,10.4,0.5,14.7,15.0,0,False
2018-05-21 00:00:00,Manila,11.7,2.8,13.2,5.0,0,False
2018-05-21 00:00:00,Pasig,7.2,0.5,13.1,5.0,0,False
2018-05-22 00:00:00,Quezon City,16.5,1.4,10.2,43.0,0,False
2018-05-22 00:00:00,Marikina,12.6,0.9,14.5,15.0,0,False
2018-05-22 00:00:00,Manila,0.6,0.5,12.1,5.0,0,False
2018-05-22 00:00:00,Pasig,9.9,1.0,11.6,5.0,0,False
2018-05-23 00:00:00,Quezon City,11.3,1.0,16.8,43.0,0,False
2018-05-23 00:00:00,Marikina,9.7,1.8,18.7,15.0,0,False
2018-05-23 00:00:00,Manila,19.0,3.8,21.3,5.0,0,False
2018-05-23 00:00:00,Pasig,14.5,2.4,13.0,5.0,0,False
2018-05-24 00:00:00,Quezon City,4.9,1.2,6.2,43.0,0,False
2018-05-24 00:00:00,Marikina,18.0,0.7,22.0,15.0,0,False
2018-05-24 00:00:00,Manila,3.5,0.5,24.5,5.0,0,False
2018-05-24 00:00:00,Pasig,6.9,2.7,9.6,5.0,0,False
2018-05-25 00:00:00,Quezon City,11.7,0.9,17.2,43.0,0,False
2018-05-25 00:00:00,Marikina,13.9,0.5,18.6,15.0,0,False
2018-05-25 00:00:00,Manila,3.2,0.5,13.4,5.0,0,False
2018-05-25 00:00:00,Pasig,11.7,0.5,22.2,5.0,0,False
2018-05-26 00:00:00,Quezon City,6.7,1.7,8.8,43.0,0,False
2018-05-26 00:00:00,Marikina,6.6,0.5,5.0,15.0,0,False
2018-05-26 00:00:00,Manila,17.0,2.8,21.4,5.0,0,False
2018-05-26 00:00:00,Pasig,9.6,1.9,5.0,5.0,0,False
2018-05-27 00:00:00,Quezon City,5.8,3.2,14.4,43.0,0,False
2018-05-27 00:00:00,Marikina,1.9,0.5,11.6,15.0,0,False
2018-05-27 00:00:00,Manila,4.1,1.3,12.3,5.0,0,False
2018-05-27 00:00:00,Pasig,9.8,0.5,9.5,5.0,0,False
2018-05-28 00:00:00,Quezon City,8.5,1.2,15.0,43.0,0,False
2018-05-28 00:00:00,Marikina,13.8,1.6,18.4,15.0,0,False
2018-05-28 00:00:00,Manila,20.1,3.0,18.0,5.0,0,False
2018-05-28 00:00:00,Pasig,30.8,1.6,30.4,5.0,1,False
2018-05-29 00:00:00,Quezon City,11.2,0.5,22.5,43.0,0,False
2018-05-29 00:00:00,Marikina,7.8,2.2,18.1,15.0,0,False
2018-05-29 00:00:00,Manila,10.8,0.5,16.4,5.0,0,False
2018-05-29 00:00:00,Pasig,9.3,0.5,14.9,5.0,0,False
2018-05-30 00:00:00,Quezon City,14.3,2.4,19.1,43.0,0,False
2018-05-30 00:00:00,Marikina,4.9,0.9,11.4,15.0,0,False
2018-05-30 00:00:00,Manila,10.0,1.7,17.7,5.0,0,False
2018-05-30 00:00:00,Pasig,3.2,0.5,21.2,5.0,0,False
2018-05-31 00:00:00,Quezon City,24.4,0.6,24.1,43.0,0,False
2018-05-31 00:00:00,Marikina,3.8,0.8,8.3,15.0,0,False
2018-05-31 00:00:00,Manila,5.5,0.8,7.1,5.0,0,False
2018-05-31 00:00:00,Pasig,3.8,0.5,5.0,5.0,0,False
2018-06-01 00:00:00,Quezon City,13.8,2.0,17.3,43.0,0,False
2018-06-01 00:00:00,Marikina,16.1,3.3,21.2,15.0,0,False
2018-06-01 00:00:00,Manila,18.8,2.8,25.4,5.0,0,False
2018-06-01 00:00:00,Pasig,4.9,0.5,5.9,5.0,0,False
2018-06-02 00:00:00,Quezon City,11.2,1.6,22.1,43.0,0,False
2018-06-02 00:00:00,Marikina,16.4,0.6,15.8,15.0,0,False
2018-06-02 00:00:00,Manila,17.0,3.5,24.4,5.0,0,False
2018-06-02 00:00:00,Pasig,8.4,0.5,14.4,5.0,0,False
2018-06-03 00:00:00,Quezon City,14.3,3.1,14.3,43.0,0,False
2018-06-03 00:00:00,Marikina,17.4,1.8,14.8,15.0,0,False
2018-06-03 00:00:00,Manila,9.5,0.5,9.6,5.0,0,False
2018-06-03 00:00:00,Pasig,5.9,1.2,6.2,5.0,0,False
2018-06-04 00:00:00,Quezon City,3.9,0.5,6.1,43.0,0,False
2018-06-04 00:00:00,Marikina,3.9,0.5,10.9,15.0,0,False
2018-06-04 00:00:00,Manila,7.4,2.4,10.8,5.0,0,False
2018-06-04 00:00:00,Pasig,4.1,0.5,10.9,5.0,0,False
2018-06-05 00:00:00,Quezon City,20.4,2.7,22.8,43.0,0,False
2018-06-05 00:00:00,Marikina,10.8,0.5,10.4,15.0,0,False
2018-06-05 00:00:00,Manila,22.5,3.3,22.8,5.0,0,False
2018-06-05 00:00:00,Pasig,6.8,0.8,13.0,5.0,0,False
2018-06-06 00:00:00,Quezon City,14.0,0.5,18.0,43.0,0,False
2018-06-06 00:00:00,Marikina,9.1,2.7,21.7,15.0,0,False
2018-06-06 00:00:00,Manila,20.4,2.8,24.0,5.0,0,False
2018-06-06 00:00:00,Pasig,3.0,0.5,14.7,5.0,0,False
2018-06-07 00:00:00,Quezon City,4.1,0.5,12.2,43.0,0,False
2018-06-07 00:00:00,Marikina,12.9,1.7,19.1,15.0,0,False
2018-06-07 00:00:00,Manila,2.7,0.5,15.1,5.0,0,False
2018-06-07 00:00:00,Pasig,14.8,0.8,21.3,5.0,0,False
2018-06-08 00:00:00,Quezon City,21.1,1.2,17.8,43.0,0,False
2018-06-08 00:00:00,Marikina,1.1,1.3,13.3,15.0,0,False
2018-06-08 00:00:00,Manila,8.2,0.5,7.6,5.0,0,False
2018-06-08 00:00:00,Pasig,11.5,0.9,5.0,5.0,0,False
2018-06-09 00:00:00,Quezon City,6.0,0.5,6.7,43.0,0,False
2018-06-09 00:00:00,Marikina,4.9,0.5,17.7,15.0,0,False
2018-06-09 00:00:00,Manila,12.9,3.1,6.0,5.0,0,False
2018-06-09 00:00:00,Pasig,5.1,2.6,16.1,5.0,0,False
2018-06-10 00:00:00,Quezon City,18.2,3.0,21.0,43.0,0,False
2018-06-10 00:00:00,Marikina,6.0,1.1,20.8,15.0,0,False
2018-06-10 00:00:00,Manila,5.4,0.5,15.8,5.0,0,False
2018-06-10 00:00:00,Pasig,20.8,3.9,22.8,5.0,0,False
2018-06-11 00:00:00,Quezon City,8.8,1.1,18.6,43.0,0,False
2018-06-11 00:00:00,Marikina,1.6,0.5,5.0,15.0,0,False
2018-06-11 00:00:00,Manila,8.9,2.3,15.6,5.0,0,False
2018-06-11 00:00:00,Pasig,15.3,2.2,14.2,5.0,0,False
2018-06-12 00:00:00,Quezon City,21.9,1.5,16.9,43.0,0,False
2018-06-12 00:00:00,Marikina,16.5,3.6,21.5,15.0,0,False
2018-06-12 00:00:00,Manila,4.6,1.9,17.1,5.0,0,False
2018-06-12 00:00:00,Pasig,10.1,0.5,13.3,5.0,0,False
2018-06-13 00:00:00,Quezon City,11.5,0.5,8.1,43.0,0,False
2018-06-13 00:00:00,Marikina,13.4,0.5,13.7,15.0,0,False
2018-06-13 00:00:00,Manila,10.8,0.5,18.1,5.0,0,False
2018-06-13 00:00:00,Pasig,4.8,1.3,9.3,5.0,0,False
2018-06-14 00:00:00,Quezon City,5.1,0.5,15.2,43.0,0,False
2018-06-14 00:00:00,Marikina,14.7,1.5,12.6,15.0,0,False
2018-06-14 00:00:00,Manila,1.9,1.5,13.9,5.0,0,False
2018-06-14 00:00:00,Pasig,22.4,2.8,20.5,5.0,0,False
2018-06-15 00:00:00,Quezon City,11.1,2.5,13.3,43.0,0,False
2018-06-15 00:00:00,Marikina,8.1,1.8,14.8,15.0,0,False
2018-06-15 00:00:00,Manila,14.8,2.2,21.2,5.0,0,False
2018-06-15 00:00:00,Pasig,2.7,0.5,16.3,5.0,0,False
2018-06-16 00:00:00,Quezon City,3.4,0.5,6.7,43.0,0,False
2018-06-16 00:00:00,Marikina,8.7,3.1,18.5,15.0,0,False
2018-06-16 00:00:00,Manila,12.9,0.5,13.6,5.0,0,False
2018-06-16 00:00:00,Pasig,7.9,0.5,15.1,5.0,0,False
2018-06-17 00:00:00,Quezon City,8.9,0.5,5.0,43.0,0,False
2021-01-01 00:00:00,Marikina,38.5,4.1,30.0,15.0,1,
2021-01-02 00:00:00,Marikina,5.2,0.8,12.0,5.0,0,
2021-01-03 00:00:00,Marikina,42.1,4.8,35.0,5.0,1,
2021-01-04 00:00:00,Marikina,10.0,1.2,14.0,43.0,0,
2021-01-05 00:00:00,Marikina,3.1,0.6,10.0,15.0,0,
2021-01-06 00:00:00,Marikina,31.0,3.5,28.0,5.0,1,
2021-01-07 00:00:00,Marikina,28.5,3.2,26.0,5.0,1,
2021-01-08 00:00:00,Marikina,6.7,0.9,11.0,43.0,0,
2021-01-09 00:00:00,Marikina,45.0,5.1,38.0,15.0,1,
2021-01-10 00:00:00,Marikina,2.3,0.5,9.0,5.0,0,
